loss,n,N,d,positive_score_minimum,negative_score_maximum,extrema_midpoint_threshold,margin,false_positive_count,negative_count,false_positive_rate,false_negative_count,positive_count,false_negative_rate
InfoNCE,20,190,5,0.33717045187950134,0.6882262229919434,0.5126983374357224,-0.351055771112442,90,3420,0.02631578947368421,136,380,0.35789473684210527
InfoNCE,20,190,6,0.39332225918769836,0.6343345642089844,0.5138284116983414,-0.241012305021286,10,3420,0.0029239766081871343,124,380,0.3263157894736842
InfoNCE,20,190,7,0.4038602113723755,0.6750255227088928,0.5394428670406342,-0.27116531133651733,2,3420,0.0005847953216374269,140,380,0.3684210526315789
InfoNCE,20,190,8,0.4476604163646698,0.4987706243991852,0.4732155203819275,-0.05111020803451538,3,3420,0.0008771929824561404,16,380,0.042105263157894736
InfoNCE,20,190,9,0.42918166518211365,0.44126397371292114,0.4352228194475174,-0.012082308530807495,2,3420,0.0005847953216374269,4,380,0.010526315789473684
InfoNCE,20,190,10,0.48016777634620667,0.3895614743232727,0.4348646253347397,0.09060630202293396,0,3420,0.0,0,380,0.0
InfoNCE,20,190,11,0.45805609226226807,0.3255596458911896,0.3918078690767288,0.1324964463710785,0,3420,0.0,0,380,0.0
InfoNCE,20,190,12,0.48607900738716125,0.32876837253570557,0.4074236899614334,0.1573106348514557,0,3420,0.0,0,380,0.0
InfoNCE,20,190,13,0.48320940136909485,0.26996511220932007,0.37658725678920746,0.21324428915977478,0,3420,0.0,0,380,0.0
InfoNCE,20,190,14,0.4843590259552002,0.24631601572036743,0.3653375208377838,0.23804301023483276,0,3420,0.0,0,380,0.0
InfoNCE,20,190,15,0.4907975196838379,0.22009459137916565,0.35544605553150177,0.27070292830467224,0,3420,0.0,0,380,0.0
InfoNCE,20,190,16,0.5054298639297485,0.19777564704418182,0.3516027554869652,0.3076542168855667,0,3420,0.0,0,380,0.0
InfoNCE,20,190,17,0.5013917684555054,0.22343964874744415,0.36241570860147476,0.2779521197080612,0,3420,0.0,0,380,0.0
InfoNCE,20,190,18,0.4609379470348358,0.20654013752937317,0.3337390422821045,0.25439780950546265,0,3420,0.0,0,380,0.0
InfoNCE,20,190,19,0.5024100542068481,0.1767367720603943,0.3395734131336212,0.32567328214645386,0,3420,0.0,0,380,0.0
InfoNCE,20,190,20,0.42996421456336975,0.1719825565814972,0.30097338557243347,0.25798165798187256,0,3420,0.0,0,380,0.0
InfoNCE,20,190,21,0.5110686421394348,0.14328187704086304,0.3271752595901489,0.3677867650985718,0,3420,0.0,0,380,0.0
InfoNCE,20,190,22,0.45740821957588196,0.17715515196323395,0.31728168576955795,0.280253067612648,0,3420,0.0,0,380,0.0
InfoNCE,20,190,23,0.4697343111038208,0.17386560142040253,0.32179995626211166,0.2958687096834183,0,3420,0.0,0,380,0.0
InfoNCE,20,190,24,0.47334232926368713,0.14104600250720978,0.30719416588544846,0.33229632675647736,0,3420,0.0,0,380,0.0
InfoNCE,20,190,25,0.5072683691978455,0.13163624703884125,0.31945230811834335,0.3756321221590042,0,3420,0.0,0,380,0.0
InfoNCE,20,190,26,0.4642287790775299,0.12858039140701294,0.2964045852422714,0.33564838767051697,0,3420,0.0,0,380,0.0
InfoNCE,20,190,27,0.4858691990375519,0.1408710479736328,0.31337012350559235,0.34499815106391907,0,3420,0.0,0,380,0.0
InfoNCE,20,190,28,0.4632297158241272,0.12952522933483124,0.2963774725794792,0.33370448648929596,0,3420,0.0,0,380,0.0
InfoNCE,20,190,29,0.4500753879547119,0.15598776936531067,0.3030315786600113,0.29408761858940125,0,3420,0.0,0,380,0.0
InfoNCE,20,190,30,0.42470037937164307,0.13276740908622742,0.27873389422893524,0.29193297028541565,0,3420,0.0,0,380,0.0
InfoNCE,40,780,5,0.29912814497947693,0.9285781979560852,0.6138531714677811,-0.6294500529766083,329,29640,0.011099865047233468,1336,1560,0.8564102564102564
InfoNCE,40,780,6,0.4180602729320526,0.8097855448722839,0.6139229089021683,-0.3917252719402313,263,29640,0.008873144399460188,1193,1560,0.7647435897435897
InfoNCE,40,780,7,0.3407914638519287,0.7563797831535339,0.5485856235027313,-0.4155883193016052,379,29640,0.012786774628879892,762,1560,0.48846153846153845
InfoNCE,40,780,8,0.4328567385673523,0.6554559469223022,0.5441563427448273,-0.22259920835494995,176,29640,0.005937921727395412,570,1560,0.36538461538461536
InfoNCE,40,780,9,0.42807474732398987,0.6466466188430786,0.5373606830835342,-0.21857187151908875,106,29640,0.0035762483130904184,494,1560,0.31666666666666665
InfoNCE,40,780,10,0.44182288646698,0.5978009700775146,0.5198119282722473,-0.15597808361053467,79,29640,0.0026653171390013494,224,1560,0.14358974358974358
InfoNCE,40,780,11,0.4307143986225128,0.558931827545166,0.4948231130838394,-0.1282174289226532,41,29640,0.0013832658569500674,92,1560,0.05897435897435897
InfoNCE,40,780,12,0.4371284544467926,0.5318576693534851,0.48449306190013885,-0.0947292149066925,22,29640,0.0007422402159244265,18,1560,0.011538461538461539
InfoNCE,40,780,13,0.4724443554878235,0.48016270995140076,0.4763035327196121,-0.0077183544635772705,2,29640,6.747638326585695e-05,8,1560,0.005128205128205128
InfoNCE,40,780,14,0.463523268699646,0.46231746673583984,0.4629203677177429,0.0012058019638061523,0,29640,0.0,0,1560,0.0
InfoNCE,40,780,15,0.47093912959098816,0.44121551513671875,0.45607732236385345,0.02972361445426941,0,29640,0.0,0,1560,0.0
InfoNCE,40,780,16,0.46909213066101074,0.41208669543266296,0.44058941304683685,0.05700543522834778,0,29640,0.0,0,1560,0.0
InfoNCE,40,780,17,0.445416659116745,0.39204102754592896,0.418728843331337,0.05337563157081604,0,29640,0.0,0,1560,0.0
InfoNCE,40,780,18,0.44473835825920105,0.36551547050476074,0.4051269143819809,0.07922288775444031,0,29640,0.0,0,1560,0.0
InfoNCE,40,780,19,0.4610428512096405,0.37987133860588074,0.4204570949077606,0.08117151260375977,0,29640,0.0,0,1560,0.0
InfoNCE,40,780,20,0.4599500000476837,0.34056413173675537,0.40025706589221954,0.11938586831092834,0,29640,0.0,0,1560,0.0
InfoNCE,40,780,21,0.42798617482185364,0.31881409883499146,0.37340013682842255,0.10917207598686218,0,29640,0.0,0,1560,0.0
InfoNCE,40,780,22,0.4669616222381592,0.3076549470424652,0.3873082846403122,0.15930667519569397,0,29640,0.0,0,1560,0.0
InfoNCE,40,780,23,0.49106645584106445,0.290815144777298,0.3909408003091812,0.20025131106376648,0,29640,0.0,0,1560,0.0
InfoNCE,40,780,24,0.45924216508865356,0.2898351550102234,0.3745386600494385,0.16940701007843018,0,29640,0.0,0,1560,0.0
InfoNCE,40,780,25,0.45738932490348816,0.2689245343208313,0.36315692961215973,0.18846479058265686,0,29640,0.0,0,1560,0.0
InfoNCE,40,780,26,0.4541332423686981,0.25386306643486023,0.3539981544017792,0.2002701759338379,0,29640,0.0,0,1560,0.0
InfoNCE,40,780,27,0.46540388464927673,0.25733041763305664,0.3613671511411667,0.2080734670162201,0,29640,0.0,0,1560,0.0
InfoNCE,40,780,28,0.45263537764549255,0.24298973381519318,0.34781255573034286,0.20964564383029938,0,29640,0.0,0,1560,0.0
InfoNCE,40,780,29,0.46819695830345154,0.22511999309062958,0.34665847569704056,0.24307696521282196,0,29640,0.0,0,1560,0.0
InfoNCE,40,780,30,0.4448539614677429,0.24534237384796143,0.3450981676578522,0.1995115876197815,0,29640,0.0,0,1560,0.0
InfoNCE,60,1770,5,0.38538992404937744,0.9540615677833557,0.6697257459163666,-0.5686716437339783,881,102660,0.008581726086109487,3106,3540,0.8774011299435028
InfoNCE,60,1770,6,0.353911817073822,0.8986210227012634,0.6262664198875427,-0.5447092056274414,767,102660,0.007471264367816092,3000,3540,0.847457627118644
InfoNCE,60,1770,7,0.39363306760787964,0.8335888981819153,0.6136109828948975,-0.43995583057403564,810,102660,0.007890122735242549,2690,3540,0.7598870056497176
InfoNCE,60,1770,8,0.38079506158828735,0.7988259792327881,0.5898105204105377,-0.41803091764450073,710,102660,0.006916033508669394,2274,3540,0.6423728813559322
InfoNCE,60,1770,9,0.418595552444458,0.7007231712341309,0.5596593618392944,-0.28212761878967285,708,102660,0.006896551724137931,1548,3540,0.43728813559322033
InfoNCE,60,1770,10,0.40542247891426086,0.7276641726493835,0.5665433257818222,-0.3222416937351227,362,102660,0.003526203000194818,1640,3540,0.4632768361581921
InfoNCE,60,1770,11,0.44964075088500977,0.6545811295509338,0.5521109402179718,-0.20494037866592407,237,102660,0.0023085914669783753,1024,3540,0.28926553672316385
InfoNCE,60,1770,12,0.4348166584968567,0.6170821189880371,0.5259493887424469,-0.18226546049118042,302,102660,0.0029417494642509255,504,3540,0.1423728813559322
InfoNCE,60,1770,13,0.44912633299827576,0.5830821990966797,0.5161042660474777,-0.13395586609840393,92,102660,0.0008961620884473018,328,3540,0.09265536723163842
InfoNCE,60,1770,14,0.4551430642604828,0.5589877963066101,0.5070654302835464,-0.10384473204612732,20,102660,0.0001948178453146308,188,3540,0.05310734463276836
InfoNCE,60,1770,15,0.45173588395118713,0.529151201248169,0.49044354259967804,-0.07741531729698181,20,102660,0.0001948178453146308,64,3540,0.01807909604519774
InfoNCE,60,1770,16,0.47412025928497314,0.506465494632721,0.49029287695884705,-0.0323452353477478,6,102660,5.844535359438925e-05,30,3540,0.00847457627118644
InfoNCE,60,1770,17,0.46748268604278564,0.47392770648002625,0.47070519626140594,-0.006445020437240601,1,102660,9.74089226573154e-06,2,3540,0.0005649717514124294
InfoNCE,60,1770,18,0.44808125495910645,0.459794282913208,0.4539377689361572,-0.011713027954101562,1,102660,9.74089226573154e-06,4,3540,0.0011299435028248588
InfoNCE,60,1770,19,0.4518912136554718,0.4335568845272064,0.4427240490913391,0.01833432912826538,0,102660,0.0,0,3540,0.0
InfoNCE,60,1770,20,0.46066606044769287,0.41119056940078735,0.4359283149242401,0.04947549104690552,0,102660,0.0,0,3540,0.0
InfoNCE,60,1770,21,0.4507078230381012,0.39789125323295593,0.42429953813552856,0.052816569805145264,0,102660,0.0,0,3540,0.0
InfoNCE,60,1770,22,0.4605964422225952,0.4105823040008545,0.43558937311172485,0.05001413822174072,0,102660,0.0,0,3540,0.0
InfoNCE,60,1770,23,0.4508975148200989,0.37385427951812744,0.41237589716911316,0.07704323530197144,0,102660,0.0,0,3540,0.0
InfoNCE,60,1770,24,0.46165797114372253,0.35593366622924805,0.4087958186864853,0.10572430491447449,0,102660,0.0,0,3540,0.0
InfoNCE,60,1770,25,0.4480832517147064,0.372110515832901,0.4100968837738037,0.07597273588180542,0,102660,0.0,0,3540,0.0
InfoNCE,60,1770,26,0.44485601782798767,0.32962194085121155,0.3872389793395996,0.11523407697677612,0,102660,0.0,0,3540,0.0
InfoNCE,60,1770,27,0.4484991729259491,0.34995144605636597,0.39922530949115753,0.09854772686958313,0,102660,0.0,0,3540,0.0
InfoNCE,60,1770,28,0.45329058170318604,0.31794968247413635,0.3856201320886612,0.13534089922904968,0,102660,0.0,0,3540,0.0
InfoNCE,60,1770,29,0.44511064887046814,0.3146720826625824,0.37989136576652527,0.13043856620788574,0,102660,0.0,0,3540,0.0
InfoNCE,60,1770,30,0.45037156343460083,0.2987370491027832,0.374554306268692,0.15163451433181763,0,102660,0.0,0,3540,0.0
InfoNCE,80,3160,5,0.37593406438827515,0.9624540209770203,0.6691940426826477,-0.5865199565887451,1782,246480,0.007229795520934761,5770,6320,0.9129746835443038
InfoNCE,80,3160,6,0.4895302355289459,0.8980488181114197,0.6937895268201828,-0.40851858258247375,803,246480,0.0032578708211619604,5834,6320,0.9231012658227848
InfoNCE,80,3160,7,0.38844752311706543,0.8485868573188782,0.6185171902179718,-0.46013933420181274,1674,246480,0.006791626095423563,5218,6320,0.825632911392405
InfoNCE,80,3160,8,0.394538938999176,0.8426599502563477,0.6185994446277618,-0.44812101125717163,1271,246480,0.0051566049983771504,4824,6320,0.7632911392405063
InfoNCE,80,3160,9,0.4149606227874756,0.7705188989639282,0.5927397608757019,-0.35555827617645264,1391,246480,0.005643459915611815,3868,6320,0.6120253164556962
InfoNCE,80,3160,10,0.43493425846099854,0.7378770112991333,0.5864056348800659,-0.30294275283813477,988,246480,0.004008438818565401,3508,6320,0.5550632911392405
InfoNCE,80,3160,11,0.45712271332740784,0.6971836090087891,0.5771531611680984,-0.24006089568138123,694,246480,0.002815644271340474,2758,6320,0.43639240506329113
InfoNCE,80,3160,12,0.44953712821006775,0.6663715243339539,0.5579543262720108,-0.2168343961238861,580,246480,0.002353132099967543,1824,6320,0.28860759493670884
InfoNCE,80,3160,13,0.44229790568351746,0.6326509118080139,0.5374744087457657,-0.19035300612449646,562,246480,0.0022801038623823434,1225,6320,0.19382911392405064
InfoNCE,80,3160,14,0.4538280963897705,0.6124565005302429,0.5331422984600067,-0.1586284041404724,179,246480,0.0007262252515417072,868,6320,0.13734177215189874
InfoNCE,80,3160,15,0.4489111602306366,0.5841414332389832,0.5165262967348099,-0.13523027300834656,137,246480,0.0005558260305095748,480,6320,0.0759493670886076
InfoNCE,80,3160,16,0.45059409737586975,0.5547757148742676,0.5026849061250687,-0.10418161749839783,77,246480,0.0003123985718922428,200,6320,0.03164556962025317
InfoNCE,80,3160,17,0.44465067982673645,0.5320141911506653,0.48833243548870087,-0.08736351132392883,39,246480,0.00015822784810126583,78,6320,0.012341772151898734
InfoNCE,80,3160,18,0.44277486205101013,0.523288905620575,0.48303188383579254,-0.08051404356956482,8,246480,3.2456994482310936e-05,57,6320,0.009018987341772151
InfoNCE,80,3160,19,0.43700018525123596,0.4919641613960266,0.4644821733236313,-0.05496397614479065,10,246480,4.057124310288867e-05,8,6320,0.0012658227848101266
InfoNCE,80,3160,20,0.43435320258140564,0.46273693442344666,0.44854506850242615,-0.028383731842041016,6,246480,2.4342745861733204e-05,2,6320,0.00031645569620253165
InfoNCE,80,3160,21,0.44204869866371155,0.44438815116882324,0.4432184249162674,-0.0023394525051116943,1,246480,4.057124310288867e-06,2,6320,0.00031645569620253165
InfoNCE,80,3160,22,0.4522649049758911,0.4407958388328552,0.44653037190437317,0.011469066143035889,0,246480,0.0,0,6320,0.0
InfoNCE,80,3160,23,0.443914532661438,0.4228733777999878,0.4333939552307129,0.021041154861450195,0,246480,0.0,0,6320,0.0
InfoNCE,80,3160,24,0.44485920667648315,0.40181565284729004,0.4233374297618866,0.043043553829193115,0,246480,0.0,0,6320,0.0
InfoNCE,80,3160,25,0.4385770261287689,0.3827885091304779,0.4106827676296234,0.055788516998291016,0,246480,0.0,0,6320,0.0
InfoNCE,80,3160,26,0.43360617756843567,0.38326171040534973,0.4084339439868927,0.05034446716308594,0,246480,0.0,0,6320,0.0
InfoNCE,80,3160,27,0.45028260350227356,0.3776669502258301,0.4139747768640518,0.07261565327644348,0,246480,0.0,0,6320,0.0
InfoNCE,80,3160,28,0.43755483627319336,0.3769926130771637,0.40727372467517853,0.06056222319602966,0,246480,0.0,0,6320,0.0
InfoNCE,80,3160,29,0.45662450790405273,0.34239715337753296,0.39951083064079285,0.11422735452651978,0,246480,0.0,0,6320,0.0
InfoNCE,80,3160,30,0.4382101595401764,0.3386670649051666,0.3884386122226715,0.09954309463500977,0,246480,0.0,0,6320,0.0
InfoNCE,100,4950,5,0.41297635436058044,0.9622074961662292,0.6875919252634048,-0.5492311418056488,2637,485100,0.005435992578849721,9116,9900,0.9208080808080809
InfoNCE,100,4950,6,0.40897470712661743,0.9482069611549377,0.6785908341407776,-0.5392322540283203,1865,485100,0.003844568130282416,9152,9900,0.9244444444444444
InfoNCE,100,4950,7,0.3967432677745819,0.9313199520111084,0.6640316098928452,-0.5345766842365265,1951,485100,0.004021851164708308,8846,9900,0.8935353535353535
InfoNCE,100,4950,8,0.38378873467445374,0.8583597540855408,0.6210742443799973,-0.47457101941108704,2290,485100,0.004720676149247578,7858,9900,0.7937373737373737
InfoNCE,100,4950,9,0.41160109639167786,0.821196436882019,0.6163987666368484,-0.4095953404903412,1902,485100,0.003920841063698207,7162,9900,0.7234343434343434
InfoNCE,100,4950,10,0.4208931624889374,0.7861353754997253,0.6035142689943314,-0.36524221301078796,1851,485100,0.003815708101422387,6150,9900,0.6212121212121212
InfoNCE,100,4950,11,0.4429299235343933,0.7249126434326172,0.5839212834835052,-0.2819827198982239,1766,485100,0.003640486497629355,4900,9900,0.494949494949495
InfoNCE,100,4950,12,0.4412035048007965,0.700935959815979,0.5710697323083878,-0.2597324550151825,1386,485100,0.002857142857142857,3788,9900,0.38262626262626265
InfoNCE,100,4950,13,0.4415096938610077,0.6787577867507935,0.5601337403059006,-0.23724809288978577,1141,485100,0.0023520923520923523,2896,9900,0.2925252525252525
InfoNCE,100,4950,14,0.4399646520614624,0.6560677289962769,0.5480161905288696,-0.21610307693481445,697,485100,0.0014368171511028654,2172,9900,0.2193939393939394
InfoNCE,100,4950,15,0.44334864616394043,0.6213627457618713,0.5323556959629059,-0.1780140995979309,385,485100,0.0007936507936507937,1267,9900,0.12797979797979797
InfoNCE,100,4950,16,0.4531034529209137,0.591289222240448,0.5221963375806808,-0.1381857693195343,197,485100,0.00040610183467326325,828,9900,0.08363636363636363
InfoNCE,100,4950,17,0.4375166893005371,0.5648115873336792,0.5011641383171082,-0.1272948980331421,179,485100,0.00036899608328179754,318,9900,0.03212121212121212
InfoNCE,100,4950,18,0.4330706298351288,0.5564801692962646,0.4947753995656967,-0.12340953946113586,69,485100,0.0001422387136672851,136,9900,0.013737373737373737
InfoNCE,100,4950,19,0.42096492648124695,0.5133746266365051,0.46716977655887604,-0.09240970015525818,110,485100,0.00022675736961451248,30,9900,0.0030303030303030303
InfoNCE,100,4950,20,0.43160462379455566,0.5040191411972046,0.4678118824958801,-0.07241451740264893,29,485100,5.9781488352916925e-05,28,9900,0.0028282828282828283
InfoNCE,100,4950,21,0.4351899027824402,0.47974246740341187,0.457466185092926,-0.04455256462097168,20,485100,4.1228612657184085e-05,16,9900,0.0016161616161616162
InfoNCE,100,4950,22,0.4351852834224701,0.4550958275794983,0.4451405555009842,-0.019910544157028198,7,485100,1.443001443001443e-05,4,9900,0.00040404040404040404
InfoNCE,100,4950,23,0.4506632387638092,0.44225460290908813,0.44645892083644867,0.00840863585472107,0,485100,0.0,0,9900,0.0
InfoNCE,100,4950,24,0.4257976710796356,0.44054654240608215,0.4331721067428589,-0.014748871326446533,4,485100,8.245722531436818e-06,2,9900,0.00020202020202020202
InfoNCE,100,4950,25,0.44158273935317993,0.4463871717453003,0.4439849555492401,-0.004804432392120361,1,485100,2.0614306328592044e-06,2,9900,0.00020202020202020202
InfoNCE,100,4950,26,0.4409624934196472,0.40914851427078247,0.42505550384521484,0.031813979148864746,0,485100,0.0,0,9900,0.0
InfoNCE,100,4950,27,0.4520804286003113,0.40643858909606934,0.4292595088481903,0.04564183950424194,0,485100,0.0,0,9900,0.0
InfoNCE,100,4950,28,0.4492811858654022,0.3922533094882965,0.42076724767684937,0.05702787637710571,0,485100,0.0,0,9900,0.0
InfoNCE,100,4950,29,0.44560638070106506,0.38809090852737427,0.41684864461421967,0.057515472173690796,0,485100,0.0,0,9900,0.0
InfoNCE,100,4950,30,0.45221197605133057,0.37137651443481445,0.4117942452430725,0.08083546161651611,0,485100,0.0,0,9900,0.0
InfoNCE,120,7140,5,0.3303965926170349,0.9727782011032104,0.6515873968601227,-0.6423816084861755,7531,842520,0.00893866020984665,12772,14280,0.8943977591036415
InfoNCE,120,7140,6,0.3773423433303833,0.9672906398773193,0.6723164916038513,-0.589948296546936,2973,842520,0.0035286996154393962,13306,14280,0.9317927170868348
InfoNCE,120,7140,7,0.38649100065231323,0.9366715550422668,0.66158127784729,-0.5501805543899536,2761,842520,0.003277073541280919,13034,14280,0.9127450980392157
InfoNCE,120,7140,8,0.3927605152130127,0.8929735422134399,0.6428670287132263,-0.5002130270004272,3167,842520,0.0037589612116032856,12058,14280,0.8443977591036415
InfoNCE,120,7140,9,0.3768243193626404,0.8575651049613953,0.6171947121620178,-0.4807407855987549,3472,842520,0.004120970422067132,10724,14280,0.7509803921568627
InfoNCE,120,7140,10,0.3609571158885956,0.827502429485321,0.5942297726869583,-0.46654531359672546,3778,842520,0.004484166547975122,9160,14280,0.6414565826330533
InfoNCE,120,7140,11,0.44585829973220825,0.7517917156219482,0.5988250076770782,-0.30593341588974,2740,842520,0.0032521483169539,8128,14280,0.569187675070028
InfoNCE,120,7140,12,0.45177575945854187,0.732038140296936,0.591906949877739,-0.28026238083839417,1872,842520,0.0022219057114371173,6766,14280,0.4738095238095238
InfoNCE,120,7140,13,0.4383973777294159,0.6930657625198364,0.5657315701246262,-0.25466838479042053,2298,842520,0.0027275316906423585,4784,14280,0.33501400560224087
InfoNCE,120,7140,14,0.43803539872169495,0.6645384430885315,0.5512869209051132,-0.22650304436683655,1595,842520,0.001893130133409296,3288,14280,0.23025210084033612
InfoNCE,120,7140,15,0.4371918737888336,0.6524913311004639,0.5448416024446487,-0.21529945731163025,1044,842520,0.0012391397236860846,2718,14280,0.1903361344537815
InfoNCE,120,7140,16,0.4400756359100342,0.6136492490768433,0.5268624424934387,-0.17357361316680908,1112,842520,0.0013198499738878602,1566,14280,0.10966386554621849
InfoNCE,120,7140,17,0.4202656149864197,0.588786780834198,0.5045261979103088,-0.16852116584777832,795,842520,0.0009435977780942886,572,14280,0.04005602240896359
InfoNCE,120,7140,18,0.4325503408908844,0.6007903218269348,0.5166703313589096,-0.16823998093605042,177,842520,0.0002100840336134454,820,14280,0.05742296918767507
InfoNCE,120,7140,19,0.446188360452652,0.5448721051216125,0.49553023278713226,-0.09868374466896057,155,842520,0.00018397189384228266,206,14280,0.01442577030812325
InfoNCE,120,7140,20,0.43150681257247925,0.5210958123207092,0.47630131244659424,-0.08958899974822998,153,842520,0.00018159806295399514,81,14280,0.005672268907563025
InfoNCE,120,7140,21,0.43956270813941956,0.5011696219444275,0.4703661650419235,-0.061606913805007935,51,842520,6.053268765133172e-05,50,14280,0.0035014005602240898
InfoNCE,120,7140,22,0.42066556215286255,0.4856453835964203,0.4531554728746414,-0.06497982144355774,51,842520,6.053268765133172e-05,24,14280,0.0016806722689075631
InfoNCE,120,7140,23,0.43864840269088745,0.470079630613327,0.45436401665210724,-0.031431227922439575,13,842520,1.542990077386887e-05,14,14280,0.000980392156862745
InfoNCE,120,7140,24,0.43308204412460327,0.4717046916484833,0.4523933678865433,-0.038622647523880005,4,842520,4.747661776575037e-06,22,14280,0.0015406162464985994
InfoNCE,120,7140,25,0.4435018301010132,0.46096357703208923,0.4522327035665512,-0.01746174693107605,1,842520,1.1869154441437592e-06,6,14280,0.0004201680672268908
InfoNCE,120,7140,26,0.44962719082832336,0.4480487108230591,0.4488379508256912,0.0015784800052642822,0,842520,0.0,0,14280,0.0
InfoNCE,120,7140,27,0.4376015067100525,0.4207604229450226,0.42918096482753754,0.016841083765029907,0,842520,0.0,0,14280,0.0
InfoNCE,120,7140,28,0.44538673758506775,0.41719046235084534,0.43128859996795654,0.028196275234222412,0,842520,0.0,0,14280,0.0
InfoNCE,120,7140,29,0.447435587644577,0.39232784509658813,0.4198817163705826,0.05510774254798889,0,842520,0.0,0,14280,0.0
InfoNCE,120,7140,30,0.43932652473449707,0.39394864439964294,0.41663758456707,0.045377880334854126,0,842520,0.0,0,14280,0.0
InfoNCE,140,9730,5,0.40592190623283386,0.9782638549804688,0.6920928806066513,-0.5723419487476349,5422,1342740,0.004038011826563594,18338,19460,0.9423432682425488
InfoNCE,140,9730,6,0.33964401483535767,0.9705218076705933,0.6550829112529755,-0.6308777928352356,7186,1342740,0.005351743449960529,17862,19460,0.9178828365878725
InfoNCE,140,9730,7,0.38653722405433655,0.9250342845916748,0.6557857543230057,-0.5384970605373383,4857,1342740,0.0036172304392510838,17598,19460,0.9043165467625899
InfoNCE,140,9730,8,0.36713722348213196,0.8991978764533997,0.6331675499677658,-0.5320606529712677,5429,1342740,0.004043225047291359,16361,19460,0.8407502569373073
InfoNCE,140,9730,9,0.38989558815956116,0.8429509997367859,0.6164232939481735,-0.45305541157722473,5498,1342740,0.004094612508750763,14801,19460,0.7605858170606372
InfoNCE,140,9730,10,0.45166483521461487,0.7955800294876099,0.6236224323511124,-0.343915194272995,4119,1342740,0.0030676080253809377,14024,19460,0.7206577595066803
InfoNCE,140,9730,11,0.4435768127441406,0.7749694585800171,0.6092731356620789,-0.33139264583587646,4410,1342740,0.0032843290584923367,11580,19460,0.5950668036998972
InfoNCE,140,9730,12,0.4481922388076782,0.7410239577293396,0.5946080982685089,-0.2928317189216614,3860,1342740,0.00287471885845361,10350,19460,0.5318602261048304
InfoNCE,140,9730,13,0.44319620728492737,0.7239946722984314,0.5835954397916794,-0.28079846501350403,3277,1342740,0.0024405320464125596,7827,19460,0.4022096608427544
InfoNCE,140,9730,14,0.43864700198173523,0.7004359364509583,0.5695414692163467,-0.261788934469223,2416,1342740,0.001799305896897389,6409,19460,0.3293422404933196
InfoNCE,140,9730,15,0.448123574256897,0.673375129699707,0.560749351978302,-0.22525155544281006,1477,1342740,0.0010999895735585444,4954,19460,0.25457348406988695
InfoNCE,140,9730,16,0.434750497341156,0.6333920955657959,0.534071296453476,-0.1986415982246399,1997,1342740,0.0014872573990497044,2653,19460,0.13633093525179857
InfoNCE,140,9730,17,0.4359355866909027,0.6211470365524292,0.528541311621666,-0.1852114498615265,1027,1342740,0.0007648539553450407,2008,19460,0.10318602261048304
InfoNCE,140,9730,18,0.43651214241981506,0.5906627178192139,0.5135874301195145,-0.1541505753993988,630,1342740,0.00046918986549890525,1002,19460,0.05149023638232271
InfoNCE,140,9730,19,0.436791330575943,0.5675954222679138,0.5021933764219284,-0.13080409169197083,505,1342740,0.00037609663821737643,494,19460,0.025385405960945528
InfoNCE,140,9730,20,0.4309348464012146,0.5813916921615601,0.5061632692813873,-0.15045684576034546,99,1342740,7.372983600697082e-05,476,19460,0.02446043165467626
InfoNCE,140,9730,21,0.43667563796043396,0.5339535474777222,0.48531459271907806,-0.09727790951728821,109,1342740,8.117729418949313e-05,152,19460,0.007810894141829393
InfoNCE,140,9730,22,0.42959603667259216,0.5207025408744812,0.4751492887735367,-0.09110650420188904,91,1342740,6.777186946095298e-05,76,19460,0.0039054470709146967
InfoNCE,140,9730,23,0.4284597337245941,0.48105287551879883,0.45475630462169647,-0.05259314179420471,99,1342740,7.372983600697082e-05,26,19460,0.0013360739979445015
InfoNCE,140,9730,24,0.4290975034236908,0.47545450925827026,0.45227600634098053,-0.04635700583457947,28,1342740,2.0852882911062454e-05,14,19460,0.0007194244604316547
InfoNCE,140,9730,25,0.4317348301410675,0.4776506721973419,0.4546927511692047,-0.045915842056274414,4,1342740,2.978983273008922e-06,18,19460,0.0009249743062692703
InfoNCE,140,9730,26,0.43638595938682556,0.46410998702049255,0.45024797320365906,-0.027724027633666992,1,1342740,7.447458182522305e-07,8,19460,0.00041109969167523125
InfoNCE,140,9730,27,0.4407794773578644,0.44103768467903137,0.4409085810184479,-0.0002582073211669922,1,1342740,7.447458182522305e-07,2,19460,0.00010277492291880781
InfoNCE,140,9730,28,0.4472057819366455,0.41982194781303406,0.4335138648748398,0.02738383412361145,0,1342740,0.0,0,19460,0.0
InfoNCE,140,9730,29,0.44544291496276855,0.4268592894077301,0.43615110218524933,0.018583625555038452,0,1342740,0.0,0,19460,0.0
InfoNCE,140,9730,30,0.45318105816841125,0.40796858072280884,0.43057481944561005,0.04521247744560242,0,1342740,0.0,0,19460,0.0
InfoNCE,160,12720,5,0.442118376493454,0.981156051158905,0.7116372138261795,-0.539037674665451,6001,2009760,0.0029859286680996738,24226,25440,0.9522798742138365
InfoNCE,160,12720,6,0.3174813389778137,0.9753711223602295,0.6464262306690216,-0.6578897833824158,10227,2009760,0.005088667303558634,23386,25440,0.9192610062893082
InfoNCE,160,12720,7,0.4190545678138733,0.9373880624771118,0.6782213151454926,-0.5183334946632385,5279,2009760,0.002626681792850888,23456,25440,0.9220125786163522
InfoNCE,160,12720,8,0.40147361159324646,0.8907443284988403,0.6461089700460434,-0.48927071690559387,6289,2009760,0.003129229360719688,22094,25440,0.8684748427672956
InfoNCE,160,12720,9,0.3736540377140045,0.8938900232315063,0.6337720304727554,-0.5202359855175018,6474,2009760,0.0032212801528540723,20911,25440,0.8219732704402516
InfoNCE,160,12720,10,0.4149956703186035,0.8498436212539673,0.6324196457862854,-0.43484795093536377,4951,2009760,0.0024634782262558715,19647,25440,0.7722877358490566
InfoNCE,160,12720,11,0.407720685005188,0.8188487887382507,0.6132847368717194,-0.41112810373306274,5807,2009760,0.002889399729320914,15956,25440,0.6272012578616353
InfoNCE,160,12720,12,0.45659905672073364,0.7725417613983154,0.6145704090595245,-0.3159427046775818,4072,2009760,0.0020261125706552024,15996,25440,0.6287735849056604
InfoNCE,160,12720,13,0.44150984287261963,0.7405222654342651,0.5910160541534424,-0.2990124225616455,5061,2009760,0.0025182111296871267,11729,25440,0.4610455974842767
InfoNCE,160,12720,14,0.4245311915874481,0.7183701395988464,0.5714506655931473,-0.2938389480113983,3306,2009760,0.0016449725340339145,8648,25440,0.339937106918239
InfoNCE,160,12720,15,0.4352720379829407,0.6668390035629272,0.551055520772934,-0.23156696557998657,4612,2009760,0.0022948013693177296,5835,25440,0.22936320754716982
InfoNCE,160,12720,16,0.4292128384113312,0.6618311405181885,0.5455219894647598,-0.2326183021068573,3221,2009760,0.0016026789268370352,4622,25440,0.18168238993710692
InfoNCE,160,12720,17,0.4351349174976349,0.6526256799697876,0.5438802987337112,-0.2174907624721527,1470,2009760,0.0007314306185813231,3992,25440,0.15691823899371068
InfoNCE,160,12720,18,0.431161105632782,0.6138879060745239,0.522524505853653,-0.18272680044174194,1743,2009760,0.0008672677334607118,1984,25440,0.0779874213836478
InfoNCE,160,12720,19,0.42971375584602356,0.5845775604248047,0.5071456581354141,-0.15486380457878113,1093,2009760,0.0005438460313669294,906,25440,0.03561320754716981
InfoNCE,160,12720,20,0.4228532314300537,0.5697494745254517,0.4963013529777527,-0.14689624309539795,928,2009760,0.0004617466762200462,428,25440,0.016823899371069182
InfoNCE,160,12720,21,0.4290793538093567,0.5572177767753601,0.4931485652923584,-0.12813842296600342,251,2009760,0.00012489053419313748,312,25440,0.012264150943396227
InfoNCE,160,12720,22,0.4336966872215271,0.5501662492752075,0.4919314682483673,-0.11646956205368042,89,2009760,4.4283894594379426e-05,286,25440,0.011242138364779873
InfoNCE,160,12720,23,0.43317389488220215,0.5244284272193909,0.4788011610507965,-0.09125453233718872,75,2009760,3.731788870312873e-05,126,25440,0.004952830188679245
InfoNCE,160,12720,24,0.4280298352241516,0.5034339427947998,0.4657318890094757,-0.0754041075706482,51,2009760,2.5376164318127538e-05,44,25440,0.001729559748427673
InfoNCE,160,12720,25,0.43497923016548157,0.4902936518192291,0.46263644099235535,-0.05531442165374756,11,2009760,5.473290343125547e-06,36,25440,0.0014150943396226414
InfoNCE,160,12720,26,0.43242448568344116,0.4708789885044098,0.4516517370939255,-0.03845450282096863,10,2009760,4.975718493750497e-06,7,25440,0.0002751572327044025
InfoNCE,160,12720,27,0.4412272870540619,0.4628349840641022,0.45203113555908203,-0.021607697010040283,3,2009760,1.4927155481251493e-06,10,25440,0.00039308176100628933
InfoNCE,160,12720,28,0.44267791509628296,0.4410543441772461,0.4418661296367645,0.0016235709190368652,0,2009760,0.0,0,25440,0.0
InfoNCE,160,12720,29,0.4238806664943695,0.4245873987674713,0.4242340326309204,-0.0007067322731018066,1,2009760,4.975718493750497e-07,2,25440,7.861635220125786e-05
InfoNCE,160,12720,30,0.44972100853919983,0.42211008071899414,0.435915544629097,0.02761092782020569,0,2009760,0.0,0,25440,0.0
InfoNCE,180,16110,5,0.3697497248649597,0.9839531779289246,0.6768514513969421,-0.6142034530639648,13409,2867580,0.004676068322418206,30358,32220,0.942209807572936
InfoNCE,180,16110,6,0.35204437375068665,0.9650124907493591,0.6585284322500229,-0.6129681169986725,6084,2867580,0.002121649613960203,30902,32220,0.9590937306021105
InfoNCE,180,16110,7,0.3691738247871399,0.9404398798942566,0.6548068523406982,-0.5712660551071167,8392,2867580,0.002926509460939189,29738,32220,0.9229671011793917
InfoNCE,180,16110,8,0.39475271105766296,0.8986643552780151,0.646708533167839,-0.5039116442203522,8421,2867580,0.002936622517941958,28424,32220,0.8821849782743637
InfoNCE,180,16110,9,0.3627088963985443,0.8872976899147034,0.6250032931566238,-0.5245887935161591,9892,2867580,0.003449598616254821,26011,32220,0.8072936064556177
InfoNCE,180,16110,10,0.4408092200756073,0.8178225755691528,0.6293158978223801,-0.37701335549354553,7652,2867580,0.0026684521443168106,24817,32220,0.770235878336437
InfoNCE,180,16110,11,0.43677380681037903,0.8068827390670776,0.6218282729387283,-0.3701089322566986,7110,2867580,0.0024794425961960956,22262,32220,0.6909373060211049
InfoNCE,180,16110,12,0.4568183422088623,0.7676573395729065,0.6122378408908844,-0.3108389973640442,6949,2867580,0.0024232976935255513,20158,32220,0.6256362507759156
InfoNCE,180,16110,13,0.4390121102333069,0.7495443224906921,0.5942782163619995,-0.31053221225738525,7568,2867580,0.0026391591516191355,15602,32220,0.4842333954065798
InfoNCE,180,16110,14,0.4358173906803131,0.7200466990470886,0.5779320448637009,-0.2842293083667755,6990,2867580,0.002437595463770845,12517,32220,0.38848541278708876
InfoNCE,180,16110,15,0.4419916570186615,0.6916068196296692,0.5667992383241653,-0.2496151626110077,5461,2867580,0.0019043932514524443,9924,32220,0.3080074487895717
InfoNCE,180,16110,16,0.4379635155200958,0.6781194806098938,0.5580414980649948,-0.24015596508979797,3763,2867580,0.0013122563276351488,7627,32220,0.23671632526381128
InfoNCE,180,16110,17,0.4231525659561157,0.6499590277671814,0.5365557968616486,-0.22680646181106567,4740,2867580,0.001652961730797397,4128,32220,0.12811918063314712
InfoNCE,180,16110,18,0.43221086263656616,0.6198740005493164,0.5260424315929413,-0.18766313791275024,2747,2867580,0.0009579506064346941,2942,32220,0.09130974549968963
InfoNCE,180,16110,19,0.44280508160591125,0.5997853875160217,0.5212952345609665,-0.15698030591011047,1567,2867580,0.0005464538042530636,2130,32220,0.06610800744878957
InfoNCE,180,16110,20,0.4387500286102295,0.5719400644302368,0.5053450465202332,-0.13319003582000732,1390,2867580,0.000484729283925819,950,32220,0.029484792054624457
InfoNCE,180,16110,21,0.4381140470504761,0.5557187795639038,0.49691641330718994,-0.11760473251342773,698,2867580,0.00024341082027354074,570,32220,0.017690875232774673
InfoNCE,180,16110,22,0.4234110713005066,0.5350959300994873,0.47925350069999695,-0.11168485879898071,526,2867580,0.00018342993046401495,194,32220,0.006021104903786468
InfoNCE,180,16110,23,0.4305436611175537,0.5308751463890076,0.48070940375328064,-0.10033148527145386,160,2867580,5.5796176567000745e-05,200,32220,0.006207324643078833
InfoNCE,180,16110,24,0.436561644077301,0.5129584074020386,0.4747600257396698,-0.07639676332473755,112,2867580,3.9057323596900526e-05,122,32220,0.003786468032278088
InfoNCE,180,16110,25,0.4269147515296936,0.5048131942749023,0.465863972902298,-0.07789844274520874,49,2867580,1.708757907364398e-05,70,32220,0.0021725636250775914
InfoNCE,180,16110,26,0.42837226390838623,0.4791654050350189,0.4537688344717026,-0.05079314112663269,37,2867580,1.2902865831118923e-05,24,32220,0.0007448789571694599
InfoNCE,180,16110,27,0.446150004863739,0.46870553493499756,0.4574277698993683,-0.022555530071258545,2,2867580,6.974522070875094e-07,16,32220,0.0004965859714463067
InfoNCE,180,16110,28,0.44127923250198364,0.4608680009841919,0.45107361674308777,-0.019588768482208252,3,2867580,1.046178310631264e-06,10,32220,0.00031036623215394165
InfoNCE,180,16110,29,0.44629502296447754,0.4443443715572357,0.44531969726085663,0.0019506514072418213,0,2867580,0.0,0,32220,0.0
InfoNCE,180,16110,30,0.4483864903450012,0.42791125178337097,0.4381488710641861,0.02047523856163025,0,2867580,0.0,0,32220,0.0
InfoNCE,200,19900,5,0.3418075740337372,0.9936052560806274,0.6677064150571823,-0.6517976820468903,24256,3940200,0.006156032688696005,37274,39800,0.9365326633165829
InfoNCE,200,19900,6,0.38568994402885437,0.9772509932518005,0.6814704686403275,-0.5915610492229462,9991,3940200,0.0025356580884219075,37846,39800,0.9509045226130654
InfoNCE,200,19900,7,0.3795568645000458,0.9616934657096863,0.670625165104866,-0.5821366012096405,10105,3940200,0.002564590629917263,37296,39800,0.9370854271356784
InfoNCE,200,19900,8,0.4230044484138489,0.9410955309867859,0.6820499897003174,-0.518091082572937,7178,3940200,0.0018217349373128267,36823,39800,0.9252010050251256
InfoNCE,200,19900,9,0.4101535677909851,0.873565137386322,0.6418593525886536,-0.4634115695953369,10597,3940200,0.0026894573879498503,33619,39800,0.8446984924623115
InfoNCE,200,19900,10,0.37805691361427307,0.9024896621704102,0.6402732878923416,-0.5244327485561371,9128,3940200,0.002316633673417593,32291,39800,0.8113316582914573
InfoNCE,200,19900,11,0.4550134241580963,0.8015856742858887,0.6282995492219925,-0.34657225012779236,8945,3940200,0.002270189330490838,29022,39800,0.7291959798994975
InfoNCE,200,19900,12,0.429104745388031,0.7951121926307678,0.6121084690093994,-0.3660074472427368,10030,3940200,0.0025455560631440026,24900,39800,0.6256281407035176
InfoNCE,200,19900,13,0.447053462266922,0.7587909698486328,0.6029222160577774,-0.3117375075817108,8723,3940200,0.0022138470128419876,22145,39800,0.5564070351758794
InfoNCE,200,19900,14,0.4429313838481903,0.7442365288734436,0.593583956360817,-0.3013051450252533,7730,3940200,0.001961829348764022,18780,39800,0.47185929648241204
InfoNCE,200,19900,15,0.4426145553588867,0.7202768325805664,0.5814456939697266,-0.2776622772216797,6658,3940200,0.0016897619410182225,15268,39800,0.3836180904522613
InfoNCE,200,19900,16,0.4394308626651764,0.6731963753700256,0.556313619017601,-0.23376551270484924,7737,3940200,0.0019636059083295264,9661,39800,0.24273869346733667
InfoNCE,200,19900,17,0.4252883195877075,0.6636974811553955,0.5444929003715515,-0.238409161567688,5446,3940200,0.001382163341962337,6608,39800,0.16603015075376884
InfoNCE,200,19900,18,0.4289838969707489,0.6407904624938965,0.5348871797323227,-0.21180656552314758,4189,3940200,0.0010631440028424954,4598,39800,0.11552763819095477
InfoNCE,200,19900,19,0.42876389622688293,0.630358874797821,0.529561385512352,-0.2015949785709381,2835,3940200,0.0007195066240292371,3534,39800,0.08879396984924623
InfoNCE,200,19900,20,0.43249940872192383,0.5961571931838989,0.5143283009529114,-0.1636577844619751,1959,3940200,0.0004971828841175575,1940,39800,0.04874371859296482
InfoNCE,200,19900,21,0.42803990840911865,0.5772257447242737,0.5026328265666962,-0.14918583631515503,1215,3940200,0.0003083599817268159,920,39800,0.023115577889447236
InfoNCE,200,19900,22,0.4301098585128784,0.5609842538833618,0.4955470561981201,-0.1308743953704834,714,3940200,0.00018120907568143748,522,39800,0.013115577889447236
InfoNCE,200,19900,23,0.4327232539653778,0.5454677939414978,0.4890955239534378,-0.11274453997612,442,3940200,0.00011217704685041368,358,39800,0.008994974874371859
InfoNCE,200,19900,24,0.4200363755226135,0.5248225331306458,0.47242945432662964,-0.10478615760803223,279,3940200,7.080858839652809e-05,124,39800,0.0031155778894472364
InfoNCE,200,19900,25,0.43749409914016724,0.5240896344184875,0.4807918667793274,-0.08659553527832031,44,3940200,1.1166945840312674e-05,192,39800,0.004824120603015076
InfoNCE,200,19900,26,0.4379711449146271,0.5051571130752563,0.4715641289949417,-0.06718596816062927,29,3940200,7.360032485660626e-06,98,39800,0.002462311557788945
InfoNCE,200,19900,27,0.44715413451194763,0.48488831520080566,0.46602122485637665,-0.03773418068885803,11,3940200,2.7917364600781684e-06,40,39800,0.0010050251256281408
InfoNCE,200,19900,28,0.4422352612018585,0.4652136564254761,0.4537244588136673,-0.022978395223617554,7,3940200,1.7765595655042891e-06,6,39800,0.00015075376884422112
InfoNCE,200,19900,29,0.44112342596054077,0.45845603942871094,0.44978973269462585,-0.017332613468170166,2,3940200,5.075884472869398e-07,6,39800,0.00015075376884422112
InfoNCE,200,19900,30,0.4508993625640869,0.44896912574768066,0.4499342441558838,0.00193023681640625,0,3940200,0.0,0,39800,0.0
InfoNCE,220,24090,5,0.38942843675613403,0.991433322429657,0.6904308795928955,-0.602004885673523,14828,5251620,0.0028235096979598675,46116,48180,0.9571606475716065
InfoNCE,220,24090,6,0.3893604576587677,0.9750419855117798,0.6822012215852737,-0.5856815278530121,12220,5251620,0.002326901032443322,46100,48180,0.9568285595682856
InfoNCE,220,24090,7,0.39495739340782166,0.9517695307731628,0.6733634620904922,-0.5568121373653412,10153,5251620,0.0019333081982321645,45602,48180,0.9464923204649232
InfoNCE,220,24090,8,0.4178677797317505,0.9164038300514221,0.6671358048915863,-0.49853605031967163,10978,5251620,0.002090402580537053,44286,48180,0.9191780821917809
InfoNCE,220,24090,9,0.4393761456012726,0.8703659772872925,0.6548710614442825,-0.4309898316860199,12247,5251620,0.002332042303136937,41628,48180,0.8640099626400997
InfoNCE,220,24090,10,0.4242483973503113,0.8511398434638977,0.6376941204071045,-0.4268914461135864,13158,5251620,0.0025055125846881535,38314,48180,0.7952262349522623
InfoNCE,220,24090,11,0.4575785994529724,0.8212985992431641,0.6394385993480682,-0.36371999979019165,9689,5251620,0.001844954509275233,37210,48180,0.7723121627231216
InfoNCE,220,24090,12,0.4520803689956665,0.7805407643318176,0.6163105666637421,-0.3284603953361511,11692,5251620,0.0022263606277681935,31612,48180,0.6561228725612287
InfoNCE,220,24090,13,0.4391237497329712,0.7753649950027466,0.6072443723678589,-0.3362412452697754,11278,5251620,0.0021475278104661037,28272,48180,0.586799501867995
InfoNCE,220,24090,14,0.44016551971435547,0.7439126968383789,0.5920391082763672,-0.30374717712402344,11131,5251620,0.002119536447800869,22710,48180,0.4713574097135741
InfoNCE,220,24090,15,0.4334741532802582,0.7284144759178162,0.5809443145990372,-0.294940322637558,11539,5251620,0.002197226760504378,17810,48180,0.3696554586965546
InfoNCE,220,24090,16,0.4412863850593567,0.700114905834198,0.5707006454467773,-0.2588285207748413,7984,5251620,0.0015202927858451298,15140,48180,0.31423827314238273
InfoNCE,220,24090,17,0.43075600266456604,0.667434811592102,0.549095407128334,-0.236678808927536,9186,5251620,0.0017491745404275253,8480,48180,0.17600664176006642
InfoNCE,220,24090,18,0.42500171065330505,0.6456289887428284,0.5353153496980667,-0.22062727808952332,6853,5251620,0.0013049306690126094,5760,48180,0.11955168119551682
InfoNCE,220,24090,19,0.4291188716888428,0.6395989060401917,0.5343588888645172,-0.21048003435134888,4012,5251620,0.0007639547415845016,5100,48180,0.10585305105853052
InfoNCE,220,24090,20,0.4298567771911621,0.6079058051109314,0.5188812911510468,-0.1780490279197693,2476,5251620,0.00047147356434776316,2758,48180,0.05724366957243669
InfoNCE,220,24090,21,0.42841726541519165,0.5961588621139526,0.5122880637645721,-0.167741596698761,1616,5251620,0.0003077145718844852,1812,48180,0.03760896637608967
InfoNCE,220,24090,22,0.4194912314414978,0.5784927606582642,0.498991996049881,-0.15900152921676636,1208,5251620,0.00023002425918097654,830,48180,0.017227065172270652
InfoNCE,220,24090,23,0.42385929822921753,0.5663252472877502,0.4950922727584839,-0.14246594905853271,529,5251620,0.00010073082210822566,646,48180,0.013408053134080531
InfoNCE,220,24090,24,0.41988661885261536,0.541702151298523,0.48079438507556915,-0.12181553244590759,476,5251620,9.06386981540934e-05,300,48180,0.0062266500622665
InfoNCE,220,24090,25,0.43104082345962524,0.514794111251831,0.47291746735572815,-0.08375328779220581,234,5251620,4.4557679344659364e-05,160,48180,0.0033208800332088003
InfoNCE,220,24090,26,0.42852818965911865,0.5045291185379028,0.46652865409851074,-0.07600092887878418,180,5251620,3.4275137957430276e-05,76,48180,0.00157741801577418
InfoNCE,220,24090,27,0.4408051073551178,0.49002277851104736,0.4654139429330826,-0.049217671155929565,34,5251620,6.474192725292386e-06,70,48180,0.0014528850145288502
InfoNCE,220,24090,28,0.4376871883869171,0.4820316433906555,0.4598594158887863,-0.0443444550037384,21,5251620,3.9987660950335324e-06,22,48180,0.00045662100456621003
InfoNCE,220,24090,29,0.43618667125701904,0.4686855971813202,0.4524361342191696,-0.03249892592430115,9,5251620,1.713756897871514e-06,10,48180,0.00020755500207555002
InfoNCE,220,24090,30,0.454032838344574,0.46195852756500244,0.4579956829547882,-0.007925689220428467,1,5251620,1.9041743309683488e-07,4,48180,8.302200083022001e-05
InfoNCE,240,28680,5,0.4267338514328003,0.993592381477356,0.7101631164550781,-0.5668585300445557,16696,6825840,0.0024459993202301843,55302,57360,0.9641213389121339
InfoNCE,240,28680,6,0.4961870014667511,0.9533509016036987,0.7247689515352249,-0.45716390013694763,7063,6825840,0.0010347444417097382,55918,57360,0.974860529986053
InfoNCE,240,28680,7,0.42705580592155457,0.9545393586158752,0.6907975822687149,-0.5274835526943207,13860,6825840,0.002030519320698991,53966,57360,0.9408298465829846
InfoNCE,240,28680,8,0.39294829964637756,0.9489129185676575,0.6709306091070175,-0.5559646189212799,13198,6825840,0.0019335349202442484,52980,57360,0.9236401673640168
InfoNCE,240,28680,9,0.4042288661003113,0.8941383361816406,0.649183601140976,-0.48990947008132935,15287,6825840,0.0022395778395040023,50078,57360,0.873047419804742
InfoNCE,240,28680,10,0.394405722618103,0.8963136076927185,0.6453596651554108,-0.5019078850746155,15184,6825840,0.002224488121608476,47338,57360,0.825278940027894
InfoNCE,240,28680,11,0.4216647744178772,0.8241420984268188,0.622903436422348,-0.40247732400894165,15372,6825840,0.0022520305193206988,42966,57360,0.7490585774058578
InfoNCE,240,28680,12,0.4548623263835907,0.7791227102279663,0.6169925183057785,-0.3242603838443756,15821,6825840,0.002317809969175955,37917,57360,0.6610355648535565
InfoNCE,240,28680,13,0.41551288962364197,0.782784104347229,0.5991484969854355,-0.36727121472358704,15405,6825840,0.002256865089131887,32305,57360,0.563197350069735
InfoNCE,240,28680,14,0.44472479820251465,0.7633946537971497,0.6040597259998322,-0.318669855594635,12524,6825840,0.0018347924944036192,30565,57360,0.5328626220362622
InfoNCE,240,28680,15,0.4373341500759125,0.7265282869338989,0.5819312185049057,-0.28919413685798645,14712,6825840,0.0021553391230969376,23348,57360,0.40704323570432355
InfoNCE,240,28680,16,0.4252234399318695,0.7225832939147949,0.5739033669233322,-0.2973598539829254,10867,6825840,0.0015920384890357818,18185,57360,0.31703277545327757
InfoNCE,240,28680,17,0.43115419149398804,0.6886214017868042,0.5598877966403961,-0.25746721029281616,9500,6825840,0.001391770097160203,14113,57360,0.24604253835425383
InfoNCE,240,28680,18,0.42763715982437134,0.665212869644165,0.5464250147342682,-0.2375757098197937,7496,6825840,0.0010981798577171455,8971,57360,0.15639818688981869
InfoNCE,240,28680,19,0.4383423626422882,0.6543465256690979,0.546344444155693,-0.2160041630268097,3453,6825840,0.0005058718047888612,8348,57360,0.14553695955369594
InfoNCE,240,28680,20,0.4290982186794281,0.6320107579231262,0.5305544883012772,-0.20291253924369812,2852,6825840,0.000417824033379042,5060,57360,0.08821478382147838
InfoNCE,240,28680,21,0.4278431832790375,0.6169753074645996,0.5224092453718185,-0.18913212418556213,2199,6825840,0.00032215815196371436,3288,57360,0.057322175732217574
InfoNCE,240,28680,22,0.4283446669578552,0.5725252628326416,0.5004349648952484,-0.14418059587478638,2441,6825840,0.0003576116639124269,1152,57360,0.0200836820083682
InfoNCE,240,28680,23,0.4272070527076721,0.5782255530357361,0.5027163028717041,-0.15101850032806396,783,6825840,0.00011471115642909883,1138,57360,0.01983960948396095
InfoNCE,240,28680,24,0.4294232726097107,0.5493959784507751,0.4894096255302429,-0.11997270584106445,558,6825840,8.174818044372561e-05,536,57360,0.009344490934449093
InfoNCE,240,28680,25,0.4317060708999634,0.5469632744789124,0.48933467268943787,-0.11525720357894897,144,6825840,2.1096304630638866e-05,466,57360,0.008124128312412831
InfoNCE,240,28680,26,0.43103593587875366,0.518092155456543,0.4745640456676483,-0.0870562195777893,171,6825840,2.5051861748883655e-05,170,57360,0.0029637377963737796
InfoNCE,240,28680,27,0.4368956983089447,0.49625372886657715,0.4665747135877609,-0.059358030557632446,81,6825840,1.1866671354734363e-05,98,57360,0.001708507670850767
InfoNCE,240,28680,28,0.43644627928733826,0.4835949242115021,0.46002060174942017,-0.04714864492416382,46,6825840,6.739097312565194e-06,36,57360,0.0006276150627615063
InfoNCE,240,28680,29,0.44326478242874146,0.48329630494117737,0.4632805436849594,-0.04003152251243591,9,6825840,1.3185190394149291e-06,32,57360,0.0005578800557880056
InfoNCE,240,28680,30,0.46072688698768616,0.4768751859664917,0.46880103647708893,-0.016148298978805542,1,6825840,1.465021154905477e-07,24,57360,0.00041841004184100416
Sigmoid,20,190,5,0.0007766455528326333,0.0006751078763045371,0.0007258767145685852,0.0001015376765280962,0,3420,0.0,0,380,0.0
Sigmoid,20,190,6,0.009585448540747166,-0.010155872441828251,-0.0002852119505405426,0.019741320982575417,0,3420,0.0,0,380,0.0
Sigmoid,20,190,7,0.04215444624423981,-0.043176524341106415,-0.0005110390484333038,0.08533097058534622,0,3420,0.0,0,380,0.0
Sigmoid,20,190,8,0.07612375169992447,-0.07716022431850433,-0.0005182363092899323,0.1532839760184288,0,3420,0.0,0,380,0.0
Sigmoid,20,190,9,0.1080213263630867,-0.10898895561695099,-0.00048381462693214417,0.2170102819800377,0,3420,0.0,0,380,0.0
Sigmoid,20,190,10,0.10743838548660278,-0.11226155608892441,-0.0024115853011608124,0.2196999415755272,0,3420,0.0,0,380,0.0
Sigmoid,20,190,11,0.1322980374097824,-0.13934841752052307,-0.003525190055370331,0.2716464549303055,0,3420,0.0,0,380,0.0
Sigmoid,20,190,12,0.15024729073047638,-0.1541590541601181,-0.001955881714820862,0.3044063448905945,0,3420,0.0,0,380,0.0
Sigmoid,20,190,13,0.1648600548505783,-0.1700286716222763,-0.002584308385848999,0.3348887264728546,0,3420,0.0,0,380,0.0
Sigmoid,20,190,14,0.178383469581604,-0.18512491881847382,-0.003370724618434906,0.3635083884000778,0,3420,0.0,0,380,0.0
Sigmoid,20,190,15,0.19365325570106506,-0.20383885502815247,-0.005092799663543701,0.39749211072921753,0,3420,0.0,0,380,0.0
Sigmoid,20,190,16,0.21514330804347992,-0.22871699929237366,-0.006786845624446869,0.4438603073358536,0,3420,0.0,0,380,0.0
Sigmoid,20,190,17,0.22552961111068726,-0.2388593852519989,-0.006664887070655823,0.46438899636268616,0,3420,0.0,0,380,0.0
Sigmoid,20,190,18,0.23226293921470642,-0.24409320950508118,-0.005915135145187378,0.4763561487197876,0,3420,0.0,0,380,0.0
Sigmoid,20,190,19,0.24065034091472626,-0.2495100200176239,-0.004429839551448822,0.49016036093235016,0,3420,0.0,0,380,0.0
Sigmoid,20,190,20,0.2818206250667572,-0.29787445068359375,-0.008026912808418274,0.579695075750351,0,3420,0.0,0,380,0.0
Sigmoid,20,190,21,0.28189343214035034,-0.2978186011314392,-0.007962584495544434,0.5797120332717896,0,3420,0.0,0,380,0.0
Sigmoid,20,190,22,0.2819609045982361,-0.29801174998283386,-0.00802542269229889,0.57997265458107,0,3420,0.0,0,380,0.0
Sigmoid,20,190,23,0.28186511993408203,-0.2980502247810364,-0.008092552423477173,0.5799153447151184,0,3420,0.0,0,380,0.0
Sigmoid,20,190,24,0.2819117307662964,-0.298123836517334,-0.008106052875518799,0.5800355672836304,0,3420,0.0,0,380,0.0
Sigmoid,20,190,25,0.28191348910331726,-0.2981412410736084,-0.008113875985145569,0.5800547301769257,0,3420,0.0,0,380,0.0
Sigmoid,20,190,26,0.2819706201553345,-0.2982005476951599,-0.00811496376991272,0.5801711678504944,0,3420,0.0,0,380,0.0
Sigmoid,20,190,27,0.28194212913513184,-0.2981835603713989,-0.008120715618133545,0.5801256895065308,0,3420,0.0,0,380,0.0
Sigmoid,20,190,28,0.2819242477416992,-0.2981601655483246,-0.008117958903312683,0.5800844132900238,0,3420,0.0,0,380,0.0
Sigmoid,20,190,29,0.28197765350341797,-0.2981722056865692,-0.008097276091575623,0.5801498591899872,0,3420,0.0,0,380,0.0
Sigmoid,20,190,30,0.28193145990371704,-0.2981724143028259,-0.008120477199554443,0.580103874206543,0,3420,0.0,0,380,0.0
Sigmoid,40,780,5,-0.002043279120698571,0.0019642228726297617,-3.9528124034404755e-05,-0.004007501993328333,40,29640,0.001349527665317139,469,1560,0.3006410256410256
Sigmoid,40,780,6,-0.002368876477703452,0.001964269671589136,-0.000202303403057158,-0.004333146149292588,16,29640,0.0005398110661268556,25,1560,0.016025641025641024
Sigmoid,40,780,7,0.007620702031999826,-0.007466989103704691,7.685646414756775e-05,0.015087691135704517,0,29640,0.0,0,1560,0.0
Sigmoid,40,780,8,0.02367488108575344,-0.023558642715215683,5.811918526887894e-05,0.047233523800969124,0,29640,0.0,0,1560,0.0
Sigmoid,40,780,9,0.04055534675717354,-0.042641278356313705,-0.0010429657995700836,0.08319662511348724,0,29640,0.0,0,1560,0.0
Sigmoid,40,780,10,0.056073423475027084,-0.057981494814157486,-0.0009540356695652008,0.11405491828918457,0,29640,0.0,0,1560,0.0
Sigmoid,40,780,11,0.05084041506052017,-0.053423065692186356,-0.0012913253158330917,0.10426348075270653,0,29640,0.0,0,1560,0.0
Sigmoid,40,780,12,0.08954896777868271,-0.09085296839475632,-0.0006520003080368042,0.18040193617343903,0,29640,0.0,0,1560,0.0
Sigmoid,40,780,13,0.08761680871248245,-0.09045679122209549,-0.0014199912548065186,0.17807359993457794,0,29640,0.0,0,1560,0.0
Sigmoid,40,780,14,0.10022244602441788,-0.10456133633852005,-0.0021694451570510864,0.20478378236293793,0,29640,0.0,0,1560,0.0
Sigmoid,40,780,15,0.10975471884012222,-0.11372852325439453,-0.001986902207136154,0.22348324209451675,0,29640,0.0,0,1560,0.0
Sigmoid,40,780,16,0.1191469132900238,-0.12352173030376434,-0.0021874085068702698,0.24266864359378815,0,29640,0.0,0,1560,0.0
Sigmoid,40,780,17,0.12826016545295715,-0.13359762728214264,-0.002668730914592743,0.2618577927350998,0,29640,0.0,0,1560,0.0
Sigmoid,40,780,18,0.13594043254852295,-0.14268989861011505,-0.003374733030796051,0.278630331158638,0,29640,0.0,0,1560,0.0
Sigmoid,40,780,19,0.1451706737279892,-0.15209193527698517,-0.003460630774497986,0.29726260900497437,0,29640,0.0,0,1560,0.0
Sigmoid,40,780,20,0.156853586435318,-0.16898907721042633,-0.006067745387554169,0.3258426636457443,0,29640,0.0,0,1560,0.0
Sigmoid,40,780,21,0.1678256243467331,-0.17727318406105042,-0.004723779857158661,0.3450988084077835,0,29640,0.0,0,1560,0.0
Sigmoid,40,780,22,0.17213746905326843,-0.18378278613090515,-0.005822658538818359,0.3559202551841736,0,29640,0.0,0,1560,0.0
Sigmoid,40,780,23,0.17318297922611237,-0.18415337800979614,-0.005485199391841888,0.3573363572359085,0,29640,0.0,0,1560,0.0
Sigmoid,40,780,24,0.17598935961723328,-0.1844232976436615,-0.004216969013214111,0.3604126572608948,0,29640,0.0,0,1560,0.0
Sigmoid,40,780,25,0.18306325376033783,-0.1933489590883255,-0.0051428526639938354,0.37641221284866333,0,29640,0.0,0,1560,0.0
Sigmoid,40,780,26,0.18590843677520752,-0.19783762097358704,-0.005964592099189758,0.38374605774879456,0,29640,0.0,0,1560,0.0
Sigmoid,40,780,27,0.18020063638687134,-0.19117794930934906,-0.005488656461238861,0.3713785856962204,0,29640,0.0,0,1560,0.0
Sigmoid,40,780,28,0.18874312937259674,-0.20692403614521027,-0.009090453386306763,0.395667165517807,0,29640,0.0,0,1560,0.0
Sigmoid,40,780,29,0.19002020359039307,-0.20624485611915588,-0.008112326264381409,0.39626505970954895,0,29640,0.0,0,1560,0.0
Sigmoid,40,780,30,0.19190970063209534,-0.20503725111484528,-0.0065637752413749695,0.3969469517469406,0,29640,0.0,0,1560,0.0
Sigmoid,60,1770,5,-0.0035636036191135645,0.0020970297046005726,-0.000733286957256496,-0.005660633323714137,180,102660,0.0017533606078316774,1522,3540,0.42994350282485877
Sigmoid,60,1770,6,-0.00481883529573679,0.0018423126311972737,-0.001488261332269758,-0.0066611479269340634,501,102660,0.004880187025131502,140,3540,0.03954802259887006
Sigmoid,60,1770,7,0.0034963085781782866,-0.004595532547682524,-0.0005496119847521186,0.00809184112586081,0,102660,0.0,0,3540,0.0
Sigmoid,60,1770,8,0.010338224470615387,-0.010966855101287365,-0.000314315315335989,0.021305079571902752,0,102660,0.0,0,3540,0.0
Sigmoid,60,1770,9,0.023071257397532463,-0.023845136165618896,-0.0003869393840432167,0.04691639356315136,0,102660,0.0,0,3540,0.0
Sigmoid,60,1770,10,0.03666210174560547,-0.03760641813278198,-0.00047215819358825684,0.07426851987838745,0,102660,0.0,0,3540,0.0
Sigmoid,60,1770,11,0.0467781201004982,-0.048154834657907486,-0.0006883572787046432,0.09493295475840569,0,102660,0.0,0,3540,0.0
Sigmoid,60,1770,12,0.05409630760550499,-0.0554540678858757,-0.0006788801401853561,0.10955037549138069,0,102660,0.0,0,3540,0.0
Sigmoid,60,1770,13,0.05970469489693642,-0.06205199286341667,-0.0011736489832401276,0.12175668776035309,0,102660,0.0,0,3540,0.0
Sigmoid,60,1770,14,0.0717896968126297,-0.07390379160642624,-0.0010570473968982697,0.14569348841905594,0,102660,0.0,0,3540,0.0
Sigmoid,60,1770,15,0.07847219705581665,-0.08179027587175369,-0.0016590394079685211,0.16026247292757034,0,102660,0.0,0,3540,0.0
Sigmoid,60,1770,16,0.07690755277872086,-0.0794273093342781,-0.0012598782777786255,0.15633486211299896,0,102660,0.0,0,3540,0.0
Sigmoid,60,1770,17,0.09668600559234619,-0.10074027627706528,-0.002027135342359543,0.19742628186941147,0,102660,0.0,0,3540,0.0
Sigmoid,60,1770,18,0.10559654235839844,-0.11045316606760025,-0.0024283118546009064,0.2160497084259987,0,102660,0.0,0,3540,0.0
Sigmoid,60,1770,19,0.1132289320230484,-0.11795496195554733,-0.002363014966249466,0.23118389397859573,0,102660,0.0,0,3540,0.0
Sigmoid,60,1770,20,0.12124699354171753,-0.12678277492523193,-0.002767890691757202,0.24802976846694946,0,102660,0.0,0,3540,0.0
Sigmoid,60,1770,21,0.12437031418085098,-0.13007140159606934,-0.0028505437076091766,0.2544417157769203,0,102660,0.0,0,3540,0.0
Sigmoid,60,1770,22,0.13137935101985931,-0.13748404383659363,-0.003052346408367157,0.26886339485645294,0,102660,0.0,0,3540,0.0
Sigmoid,60,1770,23,0.13726049661636353,-0.14352242648601532,-0.003130964934825897,0.28078292310237885,0,102660,0.0,0,3540,0.0
Sigmoid,60,1770,24,0.1444104164838791,-0.15117497742176056,-0.003382280468940735,0.29558539390563965,0,102660,0.0,0,3540,0.0
Sigmoid,60,1770,25,0.14915217459201813,-0.15706849098205566,-0.003958158195018768,0.3062206655740738,0,102660,0.0,0,3540,0.0
Sigmoid,60,1770,26,0.15414929389953613,-0.1622541844844818,-0.004052445292472839,0.31640347838401794,0,102660,0.0,0,3540,0.0
Sigmoid,60,1770,27,0.15719136595726013,-0.16576172411441803,-0.004285179078578949,0.32295309007167816,0,102660,0.0,0,3540,0.0
Sigmoid,60,1770,28,0.16147390007972717,-0.1703437864780426,-0.004434943199157715,0.3318176865577698,0,102660,0.0,0,3540,0.0
Sigmoid,60,1770,29,0.165147602558136,-0.1744222790002823,-0.004637338221073151,0.3395698815584183,0,102660,0.0,0,3540,0.0
Sigmoid,60,1770,30,0.16935473680496216,-0.1802367866039276,-0.005441024899482727,0.34959152340888977,0,102660,0.0,0,3540,0.0
Sigmoid,80,3160,5,-0.004621253814548254,0.002146270824596286,-0.001237491494975984,-0.00676752463914454,257,246480,0.0010426809477442388,3298,6320,0.5218354430379747
Sigmoid,80,3160,6,-0.004294476937502623,0.0020531443879008293,-0.0011206662748008966,-0.006347621325403452,1063,246480,0.004312723141837066,891,6320,0.14098101265822785
Sigmoid,80,3160,7,-0.0013021000195294619,-7.266646093739837e-07,-0.0006514133420694179,-0.0013013733549200879,7,246480,2.839987017202207e-05,4,6320,0.0006329113924050633
Sigmoid,80,3160,8,0.004311013501137495,-0.005009692162275314,-0.00034933933056890965,0.00932070566341281,0,246480,0.0,0,6320,0.0
Sigmoid,80,3160,9,0.014950512908399105,-0.01490771770477295,2.1397601813077927e-05,0.029858230613172054,0,246480,0.0,0,6320,0.0
Sigmoid,80,3160,10,0.025078987702727318,-0.026827538385987282,-0.000874275341629982,0.0519065260887146,0,246480,0.0,0,6320,0.0
Sigmoid,80,3160,11,0.03592699021100998,-0.03696122393012047,-0.0005171168595552444,0.07288821414113045,0,246480,0.0,0,6320,0.0
Sigmoid,80,3160,12,0.04325554147362709,-0.04476506635546684,-0.0007547624409198761,0.08802060782909393,0,246480,0.0,0,6320,0.0
Sigmoid,80,3160,13,0.04942641407251358,-0.05162618309259415,-0.0010998845100402832,0.10105259716510773,0,246480,0.0,0,6320,0.0
Sigmoid,80,3160,14,0.05372688174247742,-0.05596495047211647,-0.0011190343648195267,0.10969183221459389,0,246480,0.0,0,6320,0.0
Sigmoid,80,3160,15,0.06041795015335083,-0.0623750314116478,-0.0009785406291484833,0.12279298156499863,0,246480,0.0,0,6320,0.0
Sigmoid,80,3160,16,0.06943821907043457,-0.07138663530349731,-0.0009742081165313721,0.14082485437393188,0,246480,0.0,0,6320,0.0
Sigmoid,80,3160,17,0.07246083766222,-0.07603557407855988,-0.0017873682081699371,0.14849641174077988,0,246480,0.0,0,6320,0.0
Sigmoid,80,3160,18,0.0875336080789566,-0.09065437316894531,-0.0015603825449943542,0.17818798124790192,0,246480,0.0,0,6320,0.0
Sigmoid,80,3160,19,0.08367324620485306,-0.08727854490280151,-0.001802649348974228,0.17095179110765457,0,246480,0.0,0,6320,0.0
Sigmoid,80,3160,20,0.09931186586618423,-0.10326704382896423,-0.0019775889813899994,0.20257890969514847,0,246480,0.0,0,6320,0.0
Sigmoid,80,3160,21,0.09458339959383011,-0.09774570912122726,-0.0015811547636985779,0.19232910871505737,0,246480,0.0,0,6320,0.0
Sigmoid,80,3160,22,0.11251610517501831,-0.11826054006814957,-0.002872217446565628,0.23077664524316788,0,246480,0.0,0,6320,0.0
Sigmoid,80,3160,23,0.11657516658306122,-0.12217122316360474,-0.002798028290271759,0.23874638974666595,0,246480,0.0,0,6320,0.0
Sigmoid,80,3160,24,0.12061607092618942,-0.12528778612613678,-0.0023358575999736786,0.2459038570523262,0,246480,0.0,0,6320,0.0
Sigmoid,80,3160,25,0.12798936665058136,-0.1341879814863205,-0.003099307417869568,0.26217734813690186,0,246480,0.0,0,6320,0.0
Sigmoid,80,3160,26,0.1305864453315735,-0.1370193362236023,-0.0032164454460144043,0.2676057815551758,0,246480,0.0,0,6320,0.0
Sigmoid,80,3160,27,0.13342316448688507,-0.14029638469219208,-0.0034366101026535034,0.27371954917907715,0,246480,0.0,0,6320,0.0
Sigmoid,80,3160,28,0.14002063870429993,-0.1464538276195526,-0.0032165944576263428,0.28647446632385254,0,246480,0.0,0,6320,0.0
Sigmoid,80,3160,29,0.1441190093755722,-0.15349732339382172,-0.004689157009124756,0.2976163327693939,0,246480,0.0,0,6320,0.0
Sigmoid,80,3160,30,0.15019690990447998,-0.15950410068035126,-0.004653595387935638,0.30970101058483124,0,246480,0.0,0,6320,0.0
Sigmoid,100,4950,5,-0.005350164137780666,0.002266879891976714,-0.0015416421229019761,-0.0076170440297573805,470,485100,0.000968872397443826,6007,9900,0.6067676767676767
Sigmoid,100,4950,6,-0.004108233842998743,0.002131089335307479,-0.000988572253845632,-0.006239323178306222,1848,485100,0.0038095238095238095,2740,9900,0.2767676767676768
Sigmoid,100,4950,7,-0.0023040224332362413,0.0013120518997311592,-0.0004959852667525411,-0.0036160743329674006,74,485100,0.00015254586683158112,111,9900,0.011212121212121211
Sigmoid,100,4950,8,0.0008684874046593904,-5.631738531519659e-06,0.0004314278330639354,0.0008741191431909101,0,485100,0.0,0,9900,0.0
Sigmoid,100,4950,9,0.010870556347072124,-0.010972920805215836,-5.1182229071855545e-05,0.02184347715228796,0,485100,0.0,0,9900,0.0
Sigmoid,100,4950,10,0.01945493370294571,-0.019762052223086357,-0.00015355926007032394,0.039216985926032066,0,485100,0.0,0,9900,0.0
Sigmoid,100,4950,11,0.02867940627038479,-0.03007398173213005,-0.0006972877308726311,0.05875338800251484,0,485100,0.0,0,9900,0.0
Sigmoid,100,4950,12,0.03570063039660454,-0.03706111013889313,-0.0006802398711442947,0.07276174053549767,0,485100,0.0,0,9900,0.0
Sigmoid,100,4950,13,0.042347777634859085,-0.04363172873854637,-0.0006419755518436432,0.08597950637340546,0,485100,0.0,0,9900,0.0
Sigmoid,100,4950,14,0.04738995060324669,-0.049706220626831055,-0.001158135011792183,0.09709617123007774,0,485100,0.0,0,9900,0.0
Sigmoid,100,4950,15,0.05160249024629593,-0.05335792526602745,-0.0008777175098657608,0.10496041551232338,0,485100,0.0,0,9900,0.0
Sigmoid,100,4950,16,0.05605248361825943,-0.05882742255926132,-0.001387469470500946,0.11487990617752075,0,485100,0.0,0,9900,0.0
Sigmoid,100,4950,17,0.06231299042701721,-0.0651671513915062,-0.0014270804822444916,0.1274801418185234,0,485100,0.0,0,9900,0.0
Sigmoid,100,4950,18,0.06840802729129791,-0.07099763303995132,-0.001294802874326706,0.13940566033124924,0,485100,0.0,0,9900,0.0
Sigmoid,100,4950,19,0.07175847142934799,-0.07529272139072418,-0.001767124980688095,0.14705119282007217,0,485100,0.0,0,9900,0.0
Sigmoid,100,4950,20,0.07684747129678726,-0.07939676940441132,-0.001274649053812027,0.15624424070119858,0,485100,0.0,0,9900,0.0
Sigmoid,100,4950,21,0.08251282572746277,-0.08595209568738937,-0.0017196349799633026,0.16846492141485214,0,485100,0.0,0,9900,0.0
Sigmoid,100,4950,22,0.0853346586227417,-0.08954832702875137,-0.002106834203004837,0.17488298565149307,0,485100,0.0,0,9900,0.0
Sigmoid,100,4950,23,0.09050121903419495,-0.09495043754577637,-0.0022246092557907104,0.1854516565799713,0,485100,0.0,0,9900,0.0
Sigmoid,100,4950,24,0.10661659389734268,-0.11147473752498627,-0.0024290718138217926,0.21809133142232895,0,485100,0.0,0,9900,0.0
Sigmoid,100,4950,25,0.09898603707551956,-0.10318918526172638,-0.002101574093103409,0.20217522233724594,0,485100,0.0,0,9900,0.0
Sigmoid,100,4950,26,0.11957018822431564,-0.12489752471446991,-0.002663668245077133,0.24446771293878555,0,485100,0.0,0,9900,0.0
Sigmoid,100,4950,27,0.12349642813205719,-0.13058489561080933,-0.003544233739376068,0.2540813237428665,0,485100,0.0,0,9900,0.0
Sigmoid,100,4950,28,0.1295059472322464,-0.13662484288215637,-0.0035594478249549866,0.26613079011440277,0,485100,0.0,0,9900,0.0
Sigmoid,100,4950,29,0.1338346004486084,-0.1404031366109848,-0.003284268081188202,0.2742377370595932,0,485100,0.0,0,9900,0.0
Sigmoid,100,4950,30,0.13656513392925262,-0.1440751701593399,-0.00375501811504364,0.28064030408859253,0,485100,0.0,0,9900,0.0
Sigmoid,120,7140,5,-0.006038322113454342,0.0023082015104591846,-0.0018650603014975786,-0.008346523623913527,659,842520,0.0007821772776907373,9612,14280,0.673109243697479
Sigmoid,120,7140,6,-0.0046792179346084595,0.0021784722339361906,-0.0012503728503361344,-0.00685769016854465,3366,842520,0.003995157384987893,5125,14280,0.3588935574229692
Sigmoid,120,7140,7,-0.003120338311418891,0.0019507950637489557,-0.0005847716238349676,-0.005071133375167847,223,842520,0.0002646821440440583,337,14280,0.023599439775910364
Sigmoid,120,7140,8,-0.004624649882316589,0.001789061352610588,-0.0014177942648530006,-0.006413711234927177,28,842520,3.323363243602526e-05,4,14280,0.00028011204481792715
Sigmoid,120,7140,9,0.006765203084796667,-0.007220149040222168,-0.00022747297771275043,0.013985352125018835,0,842520,0.0,0,14280,0.0
Sigmoid,120,7140,10,0.015231047756969929,-0.015807228162884712,-0.00028809020295739174,0.03103827591985464,0,842520,0.0,0,14280,0.0
Sigmoid,120,7140,11,0.02279241383075714,-0.024089107289910316,-0.0006483467295765877,0.04688152112066746,0,842520,0.0,0,14280,0.0
Sigmoid,120,7140,12,0.03118722327053547,-0.0325729176402092,-0.0006928471848368645,0.06376014091074467,0,842520,0.0,0,14280,0.0
Sigmoid,120,7140,13,0.035873908549547195,-0.03728550300002098,-0.0007057972252368927,0.07315941154956818,0,842520,0.0,0,14280,0.0
Sigmoid,120,7140,14,0.041267093271017075,-0.04286423325538635,-0.000798569992184639,0.08413132652640343,0,842520,0.0,0,14280,0.0
Sigmoid,120,7140,15,0.04377729818224907,-0.046742234379053116,-0.0014824680984020233,0.09051953256130219,0,842520,0.0,0,14280,0.0
Sigmoid,120,7140,16,0.051034100353717804,-0.053037695586681366,-0.001001797616481781,0.10407179594039917,0,842520,0.0,0,14280,0.0
Sigmoid,120,7140,17,0.05579577013850212,-0.05827105790376663,-0.0012376438826322556,0.11406682804226875,0,842520,0.0,0,14280,0.0
Sigmoid,120,7140,18,0.060209009796381,-0.06162431836128235,-0.000707654282450676,0.12183332815766335,0,842520,0.0,0,14280,0.0
Sigmoid,120,7140,19,0.06449524313211441,-0.06799483299255371,-0.0017497949302196503,0.13249007612466812,0,842520,0.0,0,14280,0.0
Sigmoid,120,7140,20,0.06976006180047989,-0.07286503911018372,-0.0015524886548519135,0.1426251009106636,0,842520,0.0,0,14280,0.0
Sigmoid,120,7140,21,0.07453491538763046,-0.07779239118099213,-0.001628737896680832,0.1523273065686226,0,842520,0.0,0,14280,0.0
Sigmoid,120,7140,22,0.07736808806657791,-0.08185385912656784,-0.0022428855299949646,0.15922194719314575,0,842520,0.0,0,14280,0.0
Sigmoid,120,7140,23,0.08345314115285873,-0.08637192100286484,-0.0014593899250030518,0.16982506215572357,0,842520,0.0,0,14280,0.0
Sigmoid,120,7140,24,0.09278088808059692,-0.09716784954071045,-0.0021934807300567627,0.18994873762130737,0,842520,0.0,0,14280,0.0
Sigmoid,120,7140,25,0.1017209067940712,-0.10570400953292847,-0.0019915513694286346,0.20742491632699966,0,842520,0.0,0,14280,0.0
Sigmoid,120,7140,26,0.09253623336553574,-0.09749440103769302,-0.002479083836078644,0.19003063440322876,0,842520,0.0,0,14280,0.0
Sigmoid,120,7140,27,0.0989438146352768,-0.10369051247835159,-0.0023733489215373993,0.2026343271136284,0,842520,0.0,0,14280,0.0
Sigmoid,120,7140,28,0.11797595769166946,-0.12375608831644058,-0.002890065312385559,0.24173204600811005,0,842520,0.0,0,14280,0.0
Sigmoid,120,7140,29,0.12328678369522095,-0.12894019484519958,-0.002826705574989319,0.25222697854042053,0,842520,0.0,0,14280,0.0
Sigmoid,120,7140,30,0.1252683848142624,-0.13216045498847961,-0.003446035087108612,0.257428839802742,0,842520,0.0,0,14280,0.0
Sigmoid,140,9730,5,-0.006628348492085934,0.0017372259171679616,-0.002445561287458986,-0.008365574409253895,6134,1342740,0.004568270849159182,13260,19460,0.6813977389516958
Sigmoid,140,9730,6,-0.004804941825568676,0.002184245502576232,-0.001310348161496222,-0.006989187328144908,4697,1342740,0.003498071108330727,9467,19460,0.48648509763617676
Sigmoid,140,9730,7,-0.0036993324756622314,0.0016464507207274437,-0.0010264408774673939,-0.005345783196389675,678,1342740,0.0005049376647750123,483,19460,0.024820143884892086
Sigmoid,140,9730,8,-0.0028968057595193386,0.0031310650520026684,0.00011712964624166489,-0.006027870811522007,20,1342740,1.4894916365044611e-05,53,19460,0.002723535457348407
Sigmoid,140,9730,9,0.005124661605805159,-0.004966365173459053,7.914821617305279e-05,0.010091026779264212,0,1342740,0.0,0,19460,0.0
Sigmoid,140,9730,10,0.011642517521977425,-0.012606127187609673,-0.00048180483281612396,0.024248644709587097,0,1342740,0.0,0,19460,0.0
Sigmoid,140,9730,11,0.019435472786426544,-0.01982574164867401,-0.00019513443112373352,0.039261214435100555,0,1342740,0.0,0,19460,0.0
Sigmoid,140,9730,12,0.0254046730697155,-0.0268841739743948,-0.0007397504523396492,0.0522888470441103,0,1342740,0.0,0,19460,0.0
Sigmoid,140,9730,13,0.03213086724281311,-0.034334950149059296,-0.0011020414531230927,0.0664658173918724,0,1342740,0.0,0,19460,0.0
Sigmoid,140,9730,14,0.03706824779510498,-0.038622111082077026,-0.000776931643486023,0.075690358877182,0,1342740,0.0,0,19460,0.0
Sigmoid,140,9730,15,0.0409148670732975,-0.04248270019888878,-0.000783916562795639,0.08339756727218628,0,1342740,0.0,0,19460,0.0
Sigmoid,140,9730,16,0.04400429129600525,-0.04695829004049301,-0.0014769993722438812,0.09096258133649826,0,1342740,0.0,0,19460,0.0
Sigmoid,140,9730,17,0.05096215754747391,-0.05281543359160423,-0.0009266380220651627,0.10377759113907814,0,1342740,0.0,0,19460,0.0
Sigmoid,140,9730,18,0.05440221354365349,-0.05697169527411461,-0.0012847408652305603,0.1113739088177681,0,1342740,0.0,0,19460,0.0
Sigmoid,140,9730,19,0.058778490871191025,-0.060067515820264816,-0.0006445124745368958,0.11884600669145584,0,1342740,0.0,0,19460,0.0
Sigmoid,140,9730,20,0.06349475681781769,-0.06666383892297745,-0.0015845410525798798,0.13015859574079514,0,1342740,0.0,0,19460,0.0
Sigmoid,140,9730,21,0.06765878945589066,-0.07146838307380676,-0.0019047968089580536,0.13912717252969742,0,1342740,0.0,0,19460,0.0
Sigmoid,140,9730,22,0.06985437870025635,-0.07335277646780014,-0.0017491988837718964,0.1432071551680565,0,1342740,0.0,0,19460,0.0
Sigmoid,140,9730,23,0.07593777775764465,-0.07915925979614258,-0.0016107410192489624,0.15509703755378723,0,1342740,0.0,0,19460,0.0
Sigmoid,140,9730,24,0.0784643366932869,-0.08215608447790146,-0.0018458738923072815,0.16062042117118835,0,1342740,0.0,0,19460,0.0
Sigmoid,140,9730,25,0.08214382082223892,-0.08665437251329422,-0.002255275845527649,0.16879819333553314,0,1342740,0.0,0,19460,0.0
Sigmoid,140,9730,26,0.08621904999017715,-0.09020165354013443,-0.0019913017749786377,0.17642070353031158,0,1342740,0.0,0,19460,0.0
Sigmoid,140,9730,27,0.09276583045721054,-0.0973443016409874,-0.0022892355918884277,0.19011013209819794,0,1342740,0.0,0,19460,0.0
Sigmoid,140,9730,28,0.09195991605520248,-0.09736809879541397,-0.0027040913701057434,0.18932801485061646,0,1342740,0.0,0,19460,0.0
Sigmoid,140,9730,29,0.11211893707513809,-0.11734823882579803,-0.0026146508753299713,0.22946717590093613,0,1342740,0.0,0,19460,0.0
Sigmoid,140,9730,30,0.1175151914358139,-0.12445584684610367,-0.003470327705144882,0.24197103828191757,0,1342740,0.0,0,19460,0.0
Sigmoid,160,12720,5,-0.007075152359902859,0.0010051509598270059,-0.0030350007000379264,-0.008080303319729865,8954,2009760,0.004455258339304195,16812,25440,0.6608490566037736
Sigmoid,160,12720,6,-0.0049509028904139996,0.0021397557575255632,-0.0014055735664442182,-0.007090658647939563,6208,2009760,0.003088926040920309,14768,25440,0.580503144654088
Sigmoid,160,12720,7,-0.004342894069850445,0.0020276238210499287,-0.001157635124400258,-0.0063705178909003735,1094,2009760,0.0005443436032163045,932,25440,0.03663522012578616
Sigmoid,160,12720,8,-0.00452897185459733,0.0034238402731716633,-0.0005525657907128334,-0.007952812127768993,97,2009760,4.8264469389379826e-05,71,25440,0.002790880503144654
Sigmoid,160,12720,9,0.002874762983992696,-0.003977765329182148,-0.0005515011725947261,0.006852528313174844,0,2009760,0.0,0,25440,0.0
Sigmoid,160,12720,10,0.00984201394021511,-0.010691970586776733,-0.0004249783232808113,0.020533984526991844,0,2009760,0.0,0,25440,0.0
Sigmoid,160,12720,11,0.016247274354100227,-0.017421580851078033,-0.000587153248488903,0.03366885520517826,0,2009760,0.0,0,25440,0.0
Sigmoid,160,12720,12,0.02241920493543148,-0.024198221042752266,-0.0008895080536603928,0.046617425978183746,0,2009760,0.0,0,25440,0.0
Sigmoid,160,12720,13,0.029316747561097145,-0.03129658102989197,-0.0009899167343974113,0.06061332859098911,0,2009760,0.0,0,25440,0.0
Sigmoid,160,12720,14,0.03356225788593292,-0.0352775901556015,-0.0008576661348342896,0.06883984804153442,0,2009760,0.0,0,25440,0.0
Sigmoid,160,12720,15,0.03809899464249611,-0.039023853838443756,-0.00046242959797382355,0.07712284848093987,0,2009760,0.0,0,25440,0.0
Sigmoid,160,12720,16,0.040789708495140076,-0.04117397218942642,-0.00019213184714317322,0.0819636806845665,0,2009760,0.0,0,25440,0.0
Sigmoid,160,12720,17,0.045979518443346024,-0.048109784722328186,-0.0010651331394910812,0.09408930316567421,0,2009760,0.0,0,25440,0.0
Sigmoid,160,12720,18,0.04950724542140961,-0.052459750324487686,-0.0014762524515390396,0.1019669957458973,0,2009760,0.0,0,25440,0.0
Sigmoid,160,12720,19,0.055474117398262024,-0.058086276054382324,-0.0013060793280601501,0.11356039345264435,0,2009760,0.0,0,25440,0.0
Sigmoid,160,12720,20,0.058852676302194595,-0.06131811812520027,-0.0012327209115028381,0.12017079442739487,0,2009760,0.0,0,25440,0.0
Sigmoid,160,12720,21,0.061683978885412216,-0.06459356844425201,-0.001454794779419899,0.12627754732966423,0,2009760,0.0,0,25440,0.0
Sigmoid,160,12720,22,0.06666140258312225,-0.06987949460744858,-0.0016090460121631622,0.13654089719057083,0,2009760,0.0,0,25440,0.0
Sigmoid,160,12720,23,0.07131432741880417,-0.07414762675762177,-0.0014166496694087982,0.14546195417642593,0,2009760,0.0,0,25440,0.0
Sigmoid,160,12720,24,0.07256762683391571,-0.07754872739315033,-0.0024905502796173096,0.15011635422706604,0,2009760,0.0,0,25440,0.0
Sigmoid,160,12720,25,0.07845256477594376,-0.08242053538560867,-0.0019839853048324585,0.16087310016155243,0,2009760,0.0,0,25440,0.0
Sigmoid,160,12720,26,0.08109446614980698,-0.0836431160569191,-0.0012743249535560608,0.16473758220672607,0,2009760,0.0,0,25440,0.0
Sigmoid,160,12720,27,0.08374493569135666,-0.08767295628786087,-0.0019640102982521057,0.17141789197921753,0,2009760,0.0,0,25440,0.0
Sigmoid,160,12720,28,0.08491658419370651,-0.08989576995372772,-0.002489592880010605,0.17481235414743423,0,2009760,0.0,0,25440,0.0
Sigmoid,160,12720,29,0.10211651772260666,-0.10680703073740005,-0.002345256507396698,0.2089235484600067,0,2009760,0.0,0,25440,0.0
Sigmoid,160,12720,30,0.09233216941356659,-0.09794492274522781,-0.002806376665830612,0.1902770921587944,0,2009760,0.0,0,25440,0.0
Sigmoid,180,16110,5,-0.0075766886584460735,0.00036621835897676647,-0.0036052351497346535,-0.00794290701742284,12450,2867580,0.004341639989119746,20736,32220,0.6435754189944134
Sigmoid,180,16110,6,-0.005016696639358997,0.002091735601425171,-0.0014624805189669132,-0.007108432240784168,7520,2867580,0.002622420298649035,21145,32220,0.6562693978895097
Sigmoid,180,16110,7,-0.004448305815458298,0.0018397219246253371,-0.0013042919454164803,-0.006288027740083635,1685,2867580,0.0005876034844712266,1643,32220,0.050993171942892615
Sigmoid,180,16110,8,-0.004135611467063427,0.006776244845241308,0.0013203166890889406,-0.010911856312304735,41,2867580,1.4297770245293942e-05,1901,32220,0.05900062073246431
Sigmoid,180,16110,9,0.001167433219961822,-0.0012783720158040524,-5.546939792111516e-05,0.0024458052357658744,0,2867580,0.0,0,32220,0.0
Sigmoid,180,16110,10,0.008341947570443153,-0.009161836467683315,-0.00040994444862008095,0.01750378403812647,0,2867580,0.0,0,32220,0.0
Sigmoid,180,16110,11,0.0139881931245327,-0.014968839474022388,-0.0004903231747448444,0.028957032598555088,0,2867580,0.0,0,32220,0.0
Sigmoid,180,16110,12,0.02072153426706791,-0.021654104813933372,-0.00046628527343273163,0.04237563908100128,0,2867580,0.0,0,32220,0.0
Sigmoid,180,16110,13,0.026207441464066505,-0.02753462642431259,-0.0006635924801230431,0.0537420678883791,0,2867580,0.0,0,32220,0.0
Sigmoid,180,16110,14,0.029884308576583862,-0.031077930703759193,-0.0005968110635876656,0.060962239280343056,0,2867580,0.0,0,32220,0.0
Sigmoid,180,16110,15,0.03427904471755028,-0.035994671285152435,-0.0008578132838010788,0.07027371600270271,0,2867580,0.0,0,32220,0.0
Sigmoid,180,16110,16,0.038468655198812485,-0.04008699581027031,-0.0008091703057289124,0.0785556510090828,0,2867580,0.0,0,32220,0.0
Sigmoid,180,16110,17,0.042260631918907166,-0.04414601996541023,-0.0009426940232515335,0.0864066518843174,0,2867580,0.0,0,32220,0.0
Sigmoid,180,16110,18,0.0456891767680645,-0.04880097135901451,-0.001555897295475006,0.09449014812707901,0,2867580,0.0,0,32220,0.0
Sigmoid,180,16110,19,0.04808512702584267,-0.05207127705216408,-0.0019930750131607056,0.10015640407800674,0,2867580,0.0,0,32220,0.0
Sigmoid,180,16110,20,0.053356364369392395,-0.05732307583093643,-0.0019833557307720184,0.11067944020032883,0,2867580,0.0,0,32220,0.0
Sigmoid,180,16110,21,0.05800000578165054,-0.06062908098101616,-0.001314537599682808,0.1186290867626667,0,2867580,0.0,0,32220,0.0
Sigmoid,180,16110,22,0.06251832842826843,-0.0651567280292511,-0.001319199800491333,0.12767505645751953,0,2867580,0.0,0,32220,0.0
Sigmoid,180,16110,23,0.06565043330192566,-0.06908430904150009,-0.0017169378697872162,0.13473474234342575,0,2867580,0.0,0,32220,0.0
Sigmoid,180,16110,24,0.06846876442432404,-0.07272692024707794,-0.002129077911376953,0.14119568467140198,0,2867580,0.0,0,32220,0.0
Sigmoid,180,16110,25,0.07251142710447311,-0.07474449276924133,-0.0011165328323841095,0.14725591987371445,0,2867580,0.0,0,32220,0.0
Sigmoid,180,16110,26,0.07612147182226181,-0.08002358675003052,-0.0019510574638843536,0.15614505857229233,0,2867580,0.0,0,32220,0.0
Sigmoid,180,16110,27,0.07893781363964081,-0.083558589220047,-0.0023103877902030945,0.1624964028596878,0,2867580,0.0,0,32220,0.0
Sigmoid,180,16110,28,0.08358631283044815,-0.08749844133853912,-0.0019560642540454865,0.17108475416898727,0,2867580,0.0,0,32220,0.0
Sigmoid,180,16110,29,0.08496925979852676,-0.08971388638019562,-0.002372313290834427,0.17468314617872238,0,2867580,0.0,0,32220,0.0
Sigmoid,180,16110,30,0.08810026198625565,-0.09389746934175491,-0.002898603677749634,0.18199773132801056,0,2867580,0.0,0,32220,0.0
Sigmoid,200,19900,5,-0.007946958765387535,-0.00010509017010917887,-0.004026024467748357,-0.007841868595278356,17372,3940200,0.0044089132531343585,25348,39800,0.6368844221105527
Sigmoid,200,19900,6,-0.005202658474445343,0.002064658561721444,-0.0015689999563619494,-0.007267317036166787,9113,3940200,0.002312826760062941,27888,39800,0.7007035175879397
Sigmoid,200,19900,7,-0.005011661443859339,0.002103409031406045,-0.001454126206226647,-0.007115070475265384,2316,3940200,0.0005877874219582763,2584,39800,0.0649246231155779
Sigmoid,200,19900,8,-0.006456376053392887,0.004880708642303944,-0.0007878337055444717,-0.01133708469569683,400,3940200,0.00010151768945738795,440,39800,0.011055276381909548
Sigmoid,200,19900,9,0.0007895194576121867,-0.0012682649539783597,-0.00023937274818308651,0.0020577844115905464,0,3940200,0.0,0,39800,0.0
Sigmoid,200,19900,10,0.0059998519718647,-0.007702038157731295,-0.0008510930929332972,0.013701890129595995,0,3940200,0.0,0,39800,0.0
Sigmoid,200,19900,11,0.012185131199657917,-0.013043293729424477,-0.0004290812648832798,0.025228424929082394,0,3940200,0.0,0,39800,0.0
Sigmoid,200,19900,12,0.017992820590734482,-0.019726041704416275,-0.0008666105568408966,0.03771886229515076,0,3940200,0.0,0,39800,0.0
Sigmoid,200,19900,13,0.024495035409927368,-0.02627239190042019,-0.0008886782452464104,0.05076742731034756,0,3940200,0.0,0,39800,0.0
Sigmoid,200,19900,14,0.028809212148189545,-0.030733194202184677,-0.0009619910269975662,0.05954240635037422,0,3940200,0.0,0,39800,0.0
Sigmoid,200,19900,15,0.03222228214144707,-0.033186934888362885,-0.00048232637345790863,0.06540921702980995,0,3940200,0.0,0,39800,0.0
Sigmoid,200,19900,16,0.03642869368195534,-0.03819938004016876,-0.0008853431791067123,0.0746280737221241,0,3940200,0.0,0,39800,0.0
Sigmoid,200,19900,17,0.03941384702920914,-0.04192900285124779,-0.0012575779110193253,0.08134284988045692,0,3940200,0.0,0,39800,0.0
Sigmoid,200,19900,18,0.043693993240594864,-0.04589933902025223,-0.001102672889828682,0.08959333226084709,0,3940200,0.0,0,39800,0.0
Sigmoid,200,19900,19,0.04749002307653427,-0.05085085332393646,-0.0016804151237010956,0.09834087640047073,0,3940200,0.0,0,39800,0.0
Sigmoid,200,19900,20,0.051484379917383194,-0.05469533056020737,-0.0016054753214120865,0.10617971047759056,0,3940200,0.0,0,39800,0.0
Sigmoid,200,19900,21,0.05527161434292793,-0.057069577276706696,-0.0008989814668893814,0.11234119161963463,0,3940200,0.0,0,39800,0.0
Sigmoid,200,19900,22,0.05661947280168533,-0.060196176171302795,-0.001788351684808731,0.11681564897298813,0,3940200,0.0,0,39800,0.0
Sigmoid,200,19900,23,0.06133032217621803,-0.06440513581037521,-0.0015374068170785904,0.12573545798659325,0,3940200,0.0,0,39800,0.0
Sigmoid,200,19900,24,0.06463474035263062,-0.06776712089776993,-0.0015661902725696564,0.13240186125040054,0,3940200,0.0,0,39800,0.0
Sigmoid,200,19900,25,0.0681142583489418,-0.07101072371006012,-0.0014482326805591583,0.13912498205900192,0,3940200,0.0,0,39800,0.0
Sigmoid,200,19900,26,0.07156504690647125,-0.0753137543797493,-0.0018743537366390228,0.14687880128622055,0,3940200,0.0,0,39800,0.0
Sigmoid,200,19900,27,0.07661763578653336,-0.07994556427001953,-0.0016639642417430878,0.1565632000565529,0,3940200,0.0,0,39800,0.0
Sigmoid,200,19900,28,0.07780174165964127,-0.08231595158576965,-0.0022571049630641937,0.16011769324541092,0,3940200,0.0,0,39800,0.0
Sigmoid,200,19900,29,0.08233267068862915,-0.08557795733213425,-0.0016226433217525482,0.1679106280207634,0,3940200,0.0,0,39800,0.0
Sigmoid,200,19900,30,0.08485929667949677,-0.08916731923818588,-0.0021540112793445587,0.17402661591768265,0,3940200,0.0,0,39800,0.0
Sigmoid,220,24090,5,-0.00821310468018055,-0.0004168662417214364,-0.004314985460950993,-0.007796238438459113,31916,5251620,0.006077362794718582,30803,48180,0.6393316728933167
Sigmoid,220,24090,6,-0.005555016919970512,0.002128173131495714,-0.001713421894237399,-0.007683190051466227,11114,5251620,0.002116299351438223,35302,48180,0.7327106683271066
Sigmoid,220,24090,7,-0.005499816033989191,0.002110424917191267,-0.001694695558398962,-0.007610240951180458,3515,5251620,0.0006693172773353746,3161,48180,0.06560813615608137
Sigmoid,220,24090,8,-0.007181732449680567,0.005931790918111801,-0.0006249707657843828,-0.013113523367792368,555,5251620,0.00010568167536874336,1175,48180,0.02438771274387713
Sigmoid,220,24090,9,-0.0006589580443687737,0.0013135102344676852,0.00032727609504945576,-0.001972468278836459,1,5251620,1.9041743309683488e-07,8,48180,0.00016604400166044003
Sigmoid,220,24090,10,0.005091083701699972,-0.006426569540053606,-0.0006677429191768169,0.011517653241753578,0,5251620,0.0,0,48180,0.0
Sigmoid,220,24090,11,0.010490067303180695,-0.011451579630374908,-0.00048075616359710693,0.021941646933555603,0,5251620,0.0,0,48180,0.0
Sigmoid,220,24090,12,0.016716497018933296,-0.017532041296362877,-0.00040777213871479034,0.03424853831529617,0,5251620,0.0,0,48180,0.0
Sigmoid,220,24090,13,0.02111050859093666,-0.022151168435811996,-0.0005203299224376678,0.04326167702674866,0,5251620,0.0,0,48180,0.0
Sigmoid,220,24090,14,0.02563074603676796,-0.027681536972522736,-0.001025395467877388,0.053312283009290695,0,5251620,0.0,0,48180,0.0
Sigmoid,220,24090,15,0.029713144525885582,-0.03161949664354324,-0.0009531760588288307,0.061332641169428825,0,5251620,0.0,0,48180,0.0
Sigmoid,220,24090,16,0.03387260064482689,-0.03600642457604408,-0.0010669119656085968,0.06987902522087097,0,5251620,0.0,0,48180,0.0
Sigmoid,220,24090,17,0.037686798721551895,-0.03959796205163002,-0.0009555816650390625,0.07728476077318192,0,5251620,0.0,0,48180,0.0
Sigmoid,220,24090,18,0.04095207899808884,-0.043114833533763885,-0.0010813772678375244,0.08406691253185272,0,5251620,0.0,0,48180,0.0
Sigmoid,220,24090,19,0.04453969746828079,-0.04671560600399971,-0.001087954267859459,0.0912553034722805,0,5251620,0.0,0,48180,0.0
Sigmoid,220,24090,20,0.04884297028183937,-0.05048727989196777,-0.0008221548050642014,0.09933025017380714,0,5251620,0.0,0,48180,0.0
Sigmoid,220,24090,21,0.05077698081731796,-0.054702211171388626,-0.0019626151770353317,0.10547919198870659,0,5251620,0.0,0,48180,0.0
Sigmoid,220,24090,22,0.05482907220721245,-0.05810016766190529,-0.0016355477273464203,0.11292923986911774,0,5251620,0.0,0,48180,0.0
Sigmoid,220,24090,23,0.05859680101275444,-0.06198429688811302,-0.0016937479376792908,0.12058109790086746,0,5251620,0.0,0,48180,0.0
Sigmoid,220,24090,24,0.061092451214790344,-0.06439308077096939,-0.0016503147780895233,0.12548553198575974,0,5251620,0.0,0,48180,0.0
Sigmoid,220,24090,25,0.06465502083301544,-0.06898730993270874,-0.002166144549846649,0.13364233076572418,0,5251620,0.0,0,48180,0.0
Sigmoid,220,24090,26,0.06984936445951462,-0.0732710063457489,-0.0017108209431171417,0.14312037080526352,0,5251620,0.0,0,48180,0.0
Sigmoid,220,24090,27,0.07249898463487625,-0.0760851502418518,-0.0017930828034877777,0.14858413487672806,0,5251620,0.0,0,48180,0.0
Sigmoid,220,24090,28,0.07281440496444702,-0.07759034633636475,-0.0023879706859588623,0.15040475130081177,0,5251620,0.0,0,48180,0.0
Sigmoid,220,24090,29,0.07827974855899811,-0.0824706107378006,-0.002095431089401245,0.1607503592967987,0,5251620,0.0,0,48180,0.0
Sigmoid,220,24090,30,0.0801837369799614,-0.08516212552785873,-0.0024891942739486694,0.16534586250782013,0,5251620,0.0,0,48180,0.0
Sigmoid,240,28680,5,-0.008600255474448204,-0.0008704526699148118,-0.004735354072181508,-0.007729802804533392,43898,6825840,0.006431149865804062,36205,57360,0.6311889818688982
Sigmoid,240,28680,6,-0.005559713579714298,0.0021864911541342735,-0.0016866112127900124,-0.007746204733848572,11405,6825840,0.0016708566271696962,44541,57360,0.7765167364016736
Sigmoid,240,28680,7,-0.005623531062155962,0.0018624570220708847,-0.0018805370200425386,-0.007485988084226847,4560,6825840,0.0006680496466368974,4288,57360,0.07475592747559275
Sigmoid,240,28680,8,-0.008402027189731598,0.0077126650139689445,-0.0003446810878813267,-0.016114692203700542,621,6825840,9.097781371963011e-05,2870,57360,0.05003486750348675
Sigmoid,240,28680,9,-0.002274834318086505,0.0008974114898592234,-0.0006887114141136408,-0.0031722458079457283,33,6825840,4.834569811188074e-06,11,57360,0.0001917712691771269
Sigmoid,240,28680,10,0.005103155039250851,-0.006208815611898899,-0.0005528302863240242,0.01131197065114975,0,6825840,0.0,0,57360,0.0
Sigmoid,240,28680,11,0.008550134487450123,-0.010031748563051224,-0.0007408070378005505,0.018581883050501347,0,6825840,0.0,0,57360,0.0
Sigmoid,240,28680,12,0.01481977105140686,-0.0163482204079628,-0.0007642246782779694,0.03116799145936966,0,6825840,0.0,0,57360,0.0
Sigmoid,240,28680,13,0.01960258185863495,-0.021139327436685562,-0.0007683727890253067,0.04074190929532051,0,6825840,0.0,0,57360,0.0
Sigmoid,240,28680,14,0.024593275040388107,-0.027117710560560226,-0.0012622177600860596,0.051710985600948334,0,6825840,0.0,0,57360,0.0
Sigmoid,240,28680,15,0.028412120416760445,-0.030078427866101265,-0.0008331537246704102,0.05849054828286171,0,6825840,0.0,0,57360,0.0
Sigmoid,240,28680,16,0.03209654614329338,-0.03418905287981033,-0.0010462533682584763,0.06628559902310371,0,6825840,0.0,0,57360,0.0
Sigmoid,240,28680,17,0.03482940047979355,-0.03611559793353081,-0.0006430987268686295,0.07094499841332436,0,6825840,0.0,0,57360,0.0
Sigmoid,240,28680,18,0.039030078798532486,-0.03997045010328293,-0.00047018565237522125,0.07900052890181541,0,6825840,0.0,0,57360,0.0
Sigmoid,240,28680,19,0.04168384522199631,-0.044365283101797104,-0.0013407189399003983,0.08604912832379341,0,6825840,0.0,0,57360,0.0
Sigmoid,240,28680,20,0.04611394926905632,-0.0485939085483551,-0.0012399796396493912,0.09470785781741142,0,6825840,0.0,0,57360,0.0
Sigmoid,240,28680,21,0.04967336729168892,-0.05253420025110245,-0.0014304164797067642,0.10220756754279137,0,6825840,0.0,0,57360,0.0
Sigmoid,240,28680,22,0.052568234503269196,-0.05524405092000961,-0.0013379082083702087,0.10781228542327881,0,6825840,0.0,0,57360,0.0
Sigmoid,240,28680,23,0.05652812123298645,-0.06010016053915024,-0.001786019653081894,0.11662828177213669,0,6825840,0.0,0,57360,0.0
Sigmoid,240,28680,24,0.05945515260100365,-0.06267683953046799,-0.00161084346473217,0.12213199213147163,0,6825840,0.0,0,57360,0.0
Sigmoid,240,28680,25,0.06376804411411285,-0.06623413413763046,-0.0012330450117588043,0.13000217825174332,0,6825840,0.0,0,57360,0.0
Sigmoid,240,28680,26,0.06491060554981232,-0.06906004995107651,-0.0020747222006320953,0.13397065550088882,0,6825840,0.0,0,57360,0.0
Sigmoid,240,28680,27,0.06810164451599121,-0.0718127191066742,-0.0018555372953414917,0.1399143636226654,0,6825840,0.0,0,57360,0.0
Sigmoid,240,28680,28,0.06932084262371063,-0.0751367136836052,-0.002907935529947281,0.14445755630731583,0,6825840,0.0,0,57360,0.0
Sigmoid,240,28680,29,0.0736323669552803,-0.07737942785024643,-0.0018735304474830627,0.15101179480552673,0,6825840,0.0,0,57360,0.0
Sigmoid,240,28680,30,0.07710755616426468,-0.08053994178771973,-0.0017161928117275238,0.1576474979519844,0,6825840,0.0,0,57360,0.0
