loss,n,N,d,false_positive_count,negative_count,false_positive_rate,false_negative_count,positive_count,false_negative_rate
InfoNCE,20,190,5,1673,3420,0.4891812865497076,0,380,0.0
InfoNCE,20,190,6,1584,3420,0.4631578947368421,0,380,0.0
InfoNCE,20,190,7,1611,3420,0.4710526315789474,0,380,0.0
InfoNCE,20,190,8,1568,3420,0.4584795321637427,0,380,0.0
InfoNCE,20,190,9,1523,3420,0.4453216374269006,0,380,0.0
InfoNCE,20,190,10,1480,3420,0.43274853801169594,0,380,0.0
InfoNCE,20,190,11,1484,3420,0.43391812865497076,0,380,0.0
InfoNCE,20,190,12,1408,3420,0.41169590643274856,0,380,0.0
InfoNCE,20,190,13,1370,3420,0.40058479532163743,0,380,0.0
InfoNCE,20,190,14,1363,3420,0.3985380116959064,0,380,0.0
InfoNCE,20,190,15,1301,3420,0.3804093567251462,0,380,0.0
InfoNCE,20,190,16,1282,3420,0.37485380116959066,0,380,0.0
InfoNCE,20,190,17,1128,3420,0.3298245614035088,0,380,0.0
InfoNCE,20,190,18,1108,3420,0.32397660818713453,0,380,0.0
InfoNCE,20,190,19,816,3420,0.23859649122807017,0,380,0.0
InfoNCE,20,190,20,840,3420,0.2456140350877193,0,380,0.0
InfoNCE,20,190,21,782,3420,0.22865497076023392,0,380,0.0
InfoNCE,20,190,22,826,3420,0.2415204678362573,0,380,0.0
InfoNCE,20,190,23,814,3420,0.23801169590643276,0,380,0.0
InfoNCE,20,190,24,852,3420,0.24912280701754386,0,380,0.0
InfoNCE,20,190,25,719,3420,0.21023391812865497,0,380,0.0
InfoNCE,20,190,26,752,3420,0.2198830409356725,0,380,0.0
InfoNCE,20,190,27,610,3420,0.1783625730994152,0,380,0.0
InfoNCE,20,190,28,778,3420,0.22748538011695907,0,380,0.0
InfoNCE,20,190,29,693,3420,0.2026315789473684,0,380,0.0
InfoNCE,20,190,30,745,3420,0.21783625730994152,0,380,0.0
Sigmoid,20,190,5,20,3420,0.005847953216374269,0,380,0.0
Sigmoid,20,190,6,0,3420,0.0,0,380,0.0
Sigmoid,20,190,7,0,3420,0.0,0,380,0.0
Sigmoid,20,190,8,0,3420,0.0,0,380,0.0
Sigmoid,20,190,9,0,3420,0.0,0,380,0.0
Sigmoid,20,190,10,0,3420,0.0,0,380,0.0
Sigmoid,20,190,11,0,3420,0.0,0,380,0.0
Sigmoid,20,190,12,0,3420,0.0,0,380,0.0
Sigmoid,20,190,13,0,3420,0.0,0,380,0.0
Sigmoid,20,190,14,0,3420,0.0,0,380,0.0
Sigmoid,20,190,15,0,3420,0.0,0,380,0.0
Sigmoid,20,190,16,0,3420,0.0,0,380,0.0
Sigmoid,20,190,17,0,3420,0.0,0,380,0.0
Sigmoid,20,190,18,0,3420,0.0,0,380,0.0
Sigmoid,20,190,19,0,3420,0.0,0,380,0.0
Sigmoid,20,190,20,0,3420,0.0,0,380,0.0
Sigmoid,20,190,21,0,3420,0.0,0,380,0.0
Sigmoid,20,190,22,0,3420,0.0,0,380,0.0
Sigmoid,20,190,23,0,3420,0.0,0,380,0.0
Sigmoid,20,190,24,0,3420,0.0,0,380,0.0
Sigmoid,20,190,25,0,3420,0.0,0,380,0.0
Sigmoid,20,190,26,0,3420,0.0,0,380,0.0
Sigmoid,20,190,27,0,3420,0.0,0,380,0.0
Sigmoid,20,190,28,0,3420,0.0,0,380,0.0
Sigmoid,20,190,29,0,3420,0.0,0,380,0.0
Sigmoid,20,190,30,0,3420,0.0,0,380,0.0
InfoNCE,40,780,5,15975,29640,0.5389676113360323,0,1560,0.0
InfoNCE,40,780,6,15291,29640,0.5158906882591093,0,1560,0.0
InfoNCE,40,780,7,14982,29640,0.5054655870445344,0,1560,0.0
InfoNCE,40,780,8,14438,29640,0.4871120107962213,0,1560,0.0
InfoNCE,40,780,9,14148,29640,0.47732793522267203,0,1560,0.0
InfoNCE,40,780,10,13817,29640,0.46616059379217273,0,1560,0.0
InfoNCE,40,780,11,13824,29640,0.46639676113360323,0,1560,0.0
InfoNCE,40,780,12,13632,29640,0.45991902834008097,0,1560,0.0
InfoNCE,40,780,13,13627,29640,0.4597503373819163,0,1560,0.0
InfoNCE,40,780,14,13495,29640,0.45529689608636975,0,1560,0.0
InfoNCE,40,780,15,13540,29640,0.45681511470985153,0,1560,0.0
InfoNCE,40,780,16,13548,29640,0.457085020242915,0,1560,0.0
InfoNCE,40,780,17,13534,29640,0.45661268556005397,0,1560,0.0
InfoNCE,40,780,18,13421,29640,0.45280026990553307,0,1560,0.0
InfoNCE,40,780,19,13564,29640,0.4576248313090418,0,1560,0.0
InfoNCE,40,780,20,13352,29640,0.45047233468286096,0,1560,0.0
InfoNCE,40,780,21,13529,29640,0.45644399460188934,0,1560,0.0
InfoNCE,40,780,22,13488,29640,0.45506072874493925,0,1560,0.0
InfoNCE,40,780,23,13422,29640,0.45283400809716595,0,1560,0.0
InfoNCE,40,780,24,13451,29640,0.4538124156545209,0,1560,0.0
InfoNCE,40,780,25,13335,29640,0.4498987854251012,0,1560,0.0
InfoNCE,40,780,26,13219,29640,0.4459851551956815,0,1560,0.0
InfoNCE,40,780,27,13134,29640,0.44311740890688256,0,1560,0.0
InfoNCE,40,780,28,12834,29640,0.43299595141700403,0,1560,0.0
InfoNCE,40,780,29,13013,29640,0.4390350877192982,0,1560,0.0
InfoNCE,40,780,30,12711,29640,0.4288461538461538,0,1560,0.0
Sigmoid,40,780,5,40,29640,0.001349527665317139,470,1560,0.30128205128205127
Sigmoid,40,780,6,15,29640,0.0005060728744939271,34,1560,0.021794871794871794
Sigmoid,40,780,7,0,29640,0.0,0,1560,0.0
Sigmoid,40,780,8,0,29640,0.0,0,1560,0.0
Sigmoid,40,780,9,0,29640,0.0,0,1560,0.0
Sigmoid,40,780,10,0,29640,0.0,0,1560,0.0
Sigmoid,40,780,11,0,29640,0.0,0,1560,0.0
Sigmoid,40,780,12,0,29640,0.0,0,1560,0.0
Sigmoid,40,780,13,0,29640,0.0,0,1560,0.0
Sigmoid,40,780,14,0,29640,0.0,0,1560,0.0
Sigmoid,40,780,15,0,29640,0.0,0,1560,0.0
Sigmoid,40,780,16,0,29640,0.0,0,1560,0.0
Sigmoid,40,780,17,0,29640,0.0,0,1560,0.0
Sigmoid,40,780,18,0,29640,0.0,0,1560,0.0
Sigmoid,40,780,19,0,29640,0.0,0,1560,0.0
Sigmoid,40,780,20,0,29640,0.0,0,1560,0.0
Sigmoid,40,780,21,0,29640,0.0,0,1560,0.0
Sigmoid,40,780,22,0,29640,0.0,0,1560,0.0
Sigmoid,40,780,23,0,29640,0.0,0,1560,0.0
Sigmoid,40,780,24,0,29640,0.0,0,1560,0.0
Sigmoid,40,780,25,0,29640,0.0,0,1560,0.0
Sigmoid,40,780,26,0,29640,0.0,0,1560,0.0
Sigmoid,40,780,27,0,29640,0.0,0,1560,0.0
Sigmoid,40,780,28,0,29640,0.0,0,1560,0.0
Sigmoid,40,780,29,0,29640,0.0,0,1560,0.0
Sigmoid,40,780,30,0,29640,0.0,0,1560,0.0
InfoNCE,60,1770,5,56269,102660,0.5481102669004481,0,3540,0.0
InfoNCE,60,1770,6,54750,102660,0.5333138515488018,0,3540,0.0
InfoNCE,60,1770,7,53314,102660,0.5193259302552113,0,3540,0.0
InfoNCE,60,1770,8,52192,102660,0.5083966491330606,0,3540,0.0
InfoNCE,60,1770,9,50602,102660,0.4929086304305474,0,3540,0.0
InfoNCE,60,1770,10,49861,102660,0.48569062926164036,0,3540,0.0
InfoNCE,60,1770,11,48561,102660,0.47302746931618933,0,3540,0.0
InfoNCE,60,1770,12,48502,102660,0.4724527566725112,0,3540,0.0
InfoNCE,60,1770,13,48362,102660,0.47108903175530875,0,3540,0.0
InfoNCE,60,1770,14,48067,102660,0.468215468536918,0,3540,0.0
InfoNCE,60,1770,15,47915,102660,0.46673485291252675,0,3540,0.0
InfoNCE,60,1770,16,47797,102660,0.4655854276251704,0,3540,0.0
InfoNCE,60,1770,17,48147,102660,0.4689947399181765,0,3540,0.0
InfoNCE,60,1770,18,47933,102660,0.46691018897330994,0,3540,0.0
InfoNCE,60,1770,19,47944,102660,0.467017338788233,0,3540,0.0
InfoNCE,60,1770,20,47996,102660,0.467523865186051,0,3540,0.0
InfoNCE,60,1770,21,47929,102660,0.466871225404247,0,3540,0.0
InfoNCE,60,1770,22,48261,102660,0.47010520163646985,0,3540,0.0
InfoNCE,60,1770,23,48058,102660,0.46812780050652636,0,3540,0.0
InfoNCE,60,1770,24,48312,102660,0.47060198714202217,0,3540,0.0
InfoNCE,60,1770,25,47956,102660,0.46713422949542177,0,3540,0.0
InfoNCE,60,1770,26,48143,102660,0.46895577634911356,0,3540,0.0
InfoNCE,60,1770,27,48287,102660,0.4703584648353789,0,3540,0.0
InfoNCE,60,1770,28,48272,102660,0.4702123514513929,0,3540,0.0
InfoNCE,60,1770,29,48345,102660,0.4709234365867913,0,3540,0.0
InfoNCE,60,1770,30,48417,102660,0.471624780829924,0,3540,0.0
Sigmoid,60,1770,5,62,102660,0.0006039353204753556,1867,3540,0.5274011299435029
Sigmoid,60,1770,6,135,102660,0.0013150204558737579,507,3540,0.14322033898305087
Sigmoid,60,1770,7,0,102660,0.0,0,3540,0.0
Sigmoid,60,1770,8,0,102660,0.0,0,3540,0.0
Sigmoid,60,1770,9,0,102660,0.0,0,3540,0.0
Sigmoid,60,1770,10,0,102660,0.0,0,3540,0.0
Sigmoid,60,1770,11,0,102660,0.0,0,3540,0.0
Sigmoid,60,1770,12,0,102660,0.0,0,3540,0.0
Sigmoid,60,1770,13,0,102660,0.0,0,3540,0.0
Sigmoid,60,1770,14,0,102660,0.0,0,3540,0.0
Sigmoid,60,1770,15,0,102660,0.0,0,3540,0.0
Sigmoid,60,1770,16,0,102660,0.0,0,3540,0.0
Sigmoid,60,1770,17,0,102660,0.0,0,3540,0.0
Sigmoid,60,1770,18,0,102660,0.0,0,3540,0.0
Sigmoid,60,1770,19,0,102660,0.0,0,3540,0.0
Sigmoid,60,1770,20,0,102660,0.0,0,3540,0.0
Sigmoid,60,1770,21,0,102660,0.0,0,3540,0.0
Sigmoid,60,1770,22,0,102660,0.0,0,3540,0.0
Sigmoid,60,1770,23,0,102660,0.0,0,3540,0.0
Sigmoid,60,1770,24,0,102660,0.0,0,3540,0.0
Sigmoid,60,1770,25,0,102660,0.0,0,3540,0.0
Sigmoid,60,1770,26,0,102660,0.0,0,3540,0.0
Sigmoid,60,1770,27,0,102660,0.0,0,3540,0.0
Sigmoid,60,1770,28,0,102660,0.0,0,3540,0.0
Sigmoid,60,1770,29,0,102660,0.0,0,3540,0.0
Sigmoid,60,1770,30,0,102660,0.0,0,3540,0.0
InfoNCE,80,3160,5,136988,246480,0.5557773450178514,0,6320,0.0
InfoNCE,80,3160,6,131149,246480,0.5320877961700746,0,6320,0.0
InfoNCE,80,3160,7,130525,246480,0.5295561506004544,0,6320,0.0
InfoNCE,80,3160,8,127759,246480,0.5183341447581954,0,6320,0.0
InfoNCE,80,3160,9,124123,246480,0.503582440765985,0,6320,0.0
InfoNCE,80,3160,10,122091,246480,0.49533836416747806,0,6320,0.0
InfoNCE,80,3160,11,119277,246480,0.4839216163583252,0,6320,0.0
InfoNCE,80,3160,12,117911,246480,0.4783795845504706,0,6320,0.0
InfoNCE,80,3160,13,117337,246480,0.4760507951963648,0,6320,0.0
InfoNCE,80,3160,14,117075,246480,0.4749878286270691,0,6320,0.0
InfoNCE,80,3160,15,116865,246480,0.47413583252190844,0,6320,0.0
InfoNCE,80,3160,16,116934,246480,0.4744157740993184,0,6320,0.0
InfoNCE,80,3160,17,116944,246480,0.47445634534242126,0,6320,0.0
InfoNCE,80,3160,18,116471,246480,0.47253732554365463,0,6320,0.0
InfoNCE,80,3160,19,116897,246480,0.4742656604998377,0,6320,0.0
InfoNCE,80,3160,20,116655,246480,0.47328383641674776,0,6320,0.0
InfoNCE,80,3160,21,116805,246480,0.4738924050632911,0,6320,0.0
InfoNCE,80,3160,22,116422,246480,0.47233852645245045,0,6320,0.0
InfoNCE,80,3160,23,117290,246480,0.47586011035378123,0,6320,0.0
InfoNCE,80,3160,24,117246,246480,0.4756815968841285,0,6320,0.0
InfoNCE,80,3160,25,117290,246480,0.47586011035378123,0,6320,0.0
InfoNCE,80,3160,26,117224,246480,0.47559234014930213,0,6320,0.0
InfoNCE,80,3160,27,118126,246480,0.4792518662771827,0,6320,0.0
InfoNCE,80,3160,28,117673,246480,0.47741398896462184,0,6320,0.0
InfoNCE,80,3160,29,117987,246480,0.47868792599805254,0,6320,0.0
InfoNCE,80,3160,30,118223,246480,0.4796454073352807,0,6320,0.0
Sigmoid,80,3160,5,115,246480,0.00046656929568321973,4503,6320,0.7125
Sigmoid,80,3160,6,375,246480,0.001521421616358325,1960,6320,0.310126582278481
Sigmoid,80,3160,7,0,246480,0.0,17,6320,0.002689873417721519
Sigmoid,80,3160,8,0,246480,0.0,0,6320,0.0
Sigmoid,80,3160,9,0,246480,0.0,0,6320,0.0
Sigmoid,80,3160,10,0,246480,0.0,0,6320,0.0
Sigmoid,80,3160,11,0,246480,0.0,0,6320,0.0
Sigmoid,80,3160,12,0,246480,0.0,0,6320,0.0
Sigmoid,80,3160,13,0,246480,0.0,0,6320,0.0
Sigmoid,80,3160,14,0,246480,0.0,0,6320,0.0
Sigmoid,80,3160,15,0,246480,0.0,0,6320,0.0
Sigmoid,80,3160,16,0,246480,0.0,0,6320,0.0
Sigmoid,80,3160,17,0,246480,0.0,0,6320,0.0
Sigmoid,80,3160,18,0,246480,0.0,0,6320,0.0
Sigmoid,80,3160,19,0,246480,0.0,0,6320,0.0
Sigmoid,80,3160,20,0,246480,0.0,0,6320,0.0
Sigmoid,80,3160,21,0,246480,0.0,0,6320,0.0
Sigmoid,80,3160,22,0,246480,0.0,0,6320,0.0
Sigmoid,80,3160,23,0,246480,0.0,0,6320,0.0
Sigmoid,80,3160,24,0,246480,0.0,0,6320,0.0
Sigmoid,80,3160,25,0,246480,0.0,0,6320,0.0
Sigmoid,80,3160,26,0,246480,0.0,0,6320,0.0
Sigmoid,80,3160,27,0,246480,0.0,0,6320,0.0
Sigmoid,80,3160,28,0,246480,0.0,0,6320,0.0
Sigmoid,80,3160,29,0,246480,0.0,0,6320,0.0
Sigmoid,80,3160,30,0,246480,0.0,0,6320,0.0
InfoNCE,100,4950,5,274825,485100,0.5665326736755308,0,9900,0.0
InfoNCE,100,4950,6,265230,485100,0.5467532467532468,0,9900,0.0
InfoNCE,100,4950,7,258846,485100,0.5335930735930736,0,9900,0.0
InfoNCE,100,4950,8,255220,485100,0.5261183261183261,0,9900,0.0
InfoNCE,100,4950,9,248944,485100,0.5131807874665018,0,9900,0.0
InfoNCE,100,4950,10,243563,485100,0.5020882292310864,0,9900,0.0
InfoNCE,100,4950,11,238097,485100,0.49082044939187797,0,9900,0.0
InfoNCE,100,4950,12,235828,485100,0.48614306328592044,0,9900,0.0
InfoNCE,100,4950,13,233102,485100,0.4805236033807463,0,9900,0.0
InfoNCE,100,4950,14,232109,485100,0.47847660276231707,0,9900,0.0
InfoNCE,100,4950,15,231425,485100,0.47706658420944137,0,9900,0.0
InfoNCE,100,4950,16,232098,485100,0.4784539270253556,0,9900,0.0
InfoNCE,100,4950,17,231666,485100,0.47756338899196044,0,9900,0.0
InfoNCE,100,4950,18,231018,485100,0.4762275819418677,0,9900,0.0
InfoNCE,100,4950,19,231726,485100,0.477687074829932,0,9900,0.0
InfoNCE,100,4950,20,231797,485100,0.47783343640486503,0,9900,0.0
InfoNCE,100,4950,21,231040,485100,0.4762729334157906,0,9900,0.0
InfoNCE,100,4950,22,231670,485100,0.4775716347144919,0,9900,0.0
InfoNCE,100,4950,23,232889,485100,0.48008451865594726,0,9900,0.0
InfoNCE,100,4950,24,232508,485100,0.4792991135848279,0,9900,0.0
InfoNCE,100,4950,25,232545,485100,0.4793753865182437,0,9900,0.0
InfoNCE,100,4950,26,233115,485100,0.4805504019789734,0,9900,0.0
InfoNCE,100,4950,27,232961,485100,0.4802329416615131,0,9900,0.0
InfoNCE,100,4950,28,233760,485100,0.4818800247371676,0,9900,0.0
InfoNCE,100,4950,29,235023,485100,0.4844836116264688,0,9900,0.0
InfoNCE,100,4950,30,233960,485100,0.48229231086373947,0,9900,0.0
Sigmoid,100,4950,5,134,485100,0.0002762317048031334,9150,9900,0.9242424242424242
Sigmoid,100,4950,6,799,485100,0.0016470830756545043,4743,9900,0.47909090909090907
Sigmoid,100,4950,7,29,485100,5.9781488352916925e-05,190,9900,0.01919191919191919
Sigmoid,100,4950,8,0,485100,0.0,0,9900,0.0
Sigmoid,100,4950,9,0,485100,0.0,0,9900,0.0
Sigmoid,100,4950,10,0,485100,0.0,0,9900,0.0
Sigmoid,100,4950,11,0,485100,0.0,0,9900,0.0
Sigmoid,100,4950,12,0,485100,0.0,0,9900,0.0
Sigmoid,100,4950,13,0,485100,0.0,0,9900,0.0
Sigmoid,100,4950,14,0,485100,0.0,0,9900,0.0
Sigmoid,100,4950,15,0,485100,0.0,0,9900,0.0
Sigmoid,100,4950,16,0,485100,0.0,0,9900,0.0
Sigmoid,100,4950,17,0,485100,0.0,0,9900,0.0
Sigmoid,100,4950,18,0,485100,0.0,0,9900,0.0
Sigmoid,100,4950,19,0,485100,0.0,0,9900,0.0
Sigmoid,100,4950,20,0,485100,0.0,0,9900,0.0
Sigmoid,100,4950,21,0,485100,0.0,0,9900,0.0
Sigmoid,100,4950,22,0,485100,0.0,0,9900,0.0
Sigmoid,100,4950,23,0,485100,0.0,0,9900,0.0
Sigmoid,100,4950,24,0,485100,0.0,0,9900,0.0
Sigmoid,100,4950,25,0,485100,0.0,0,9900,0.0
Sigmoid,100,4950,26,0,485100,0.0,0,9900,0.0
Sigmoid,100,4950,27,0,485100,0.0,0,9900,0.0
Sigmoid,100,4950,28,0,485100,0.0,0,9900,0.0
Sigmoid,100,4950,29,0,485100,0.0,0,9900,0.0
Sigmoid,100,4950,30,0,485100,0.0,0,9900,0.0
InfoNCE,120,7140,5,464326,842520,0.5511157005174951,0,14280,0.0
InfoNCE,120,7140,6,459526,842520,0.5454185063856051,0,14280,0.0
InfoNCE,120,7140,7,453179,842520,0.5378851540616246,0,14280,0.0
InfoNCE,120,7140,8,442673,842520,0.5254154204054503,0,14280,0.0
InfoNCE,120,7140,9,437041,842520,0.5187307126240327,0,14280,0.0
InfoNCE,120,7140,10,429436,842520,0.5097042206713194,0,14280,0.0
InfoNCE,120,7140,11,417889,842520,0.4959989080377914,0,14280,0.0
InfoNCE,120,7140,12,413048,842520,0.49025305037269146,0,14280,0.0
InfoNCE,120,7140,13,408799,842520,0.48520984665052463,0,14280,0.0
InfoNCE,120,7140,14,407040,842520,0.48312206238427574,0,14280,0.0
InfoNCE,120,7140,15,404492,842520,0.4800978018325974,0,14280,0.0
InfoNCE,120,7140,16,403131,842520,0.4784824099131178,0,14280,0.0
InfoNCE,120,7140,17,405211,842520,0.4809511940369368,0,14280,0.0
InfoNCE,120,7140,18,405505,842520,0.48130014717751507,0,14280,0.0
InfoNCE,120,7140,19,403979,842520,0.4794889142097517,0,14280,0.0
InfoNCE,120,7140,20,404809,842520,0.480474054028391,0,14280,0.0
InfoNCE,120,7140,21,405589,842520,0.48139984807482317,0,14280,0.0
InfoNCE,120,7140,22,405434,842520,0.4812158761809809,0,14280,0.0
InfoNCE,120,7140,23,405271,842520,0.48102240896358545,0,14280,0.0
InfoNCE,120,7140,24,406479,842520,0.4824562028201111,0,14280,0.0
InfoNCE,120,7140,25,406235,842520,0.48216659545174,0,14280,0.0
InfoNCE,120,7140,26,406583,842520,0.48257964202630205,0,14280,0.0
InfoNCE,120,7140,27,407011,842520,0.4830876418363956,0,14280,0.0
InfoNCE,120,7140,28,407823,842520,0.4840514171770403,0,14280,0.0
InfoNCE,120,7140,29,410026,842520,0.486666191900489,0,14280,0.0
InfoNCE,120,7140,30,409811,842520,0.4864110050799981,0,14280,0.0
Sigmoid,120,7140,5,146,842520,0.00017328965484498884,13804,14280,0.9666666666666666
Sigmoid,120,7140,6,1221,842520,0.00144922375729953,8887,14280,0.6223389355742297
Sigmoid,120,7140,7,95,842520,0.00011275696719365713,556,14280,0.03893557422969188
Sigmoid,120,7140,8,3,842520,3.5607463324312774e-06,23,14280,0.0016106442577030811
Sigmoid,120,7140,9,0,842520,0.0,0,14280,0.0
Sigmoid,120,7140,10,0,842520,0.0,0,14280,0.0
Sigmoid,120,7140,11,0,842520,0.0,0,14280,0.0
Sigmoid,120,7140,12,0,842520,0.0,0,14280,0.0
Sigmoid,120,7140,13,0,842520,0.0,0,14280,0.0
Sigmoid,120,7140,14,0,842520,0.0,0,14280,0.0
Sigmoid,120,7140,15,0,842520,0.0,0,14280,0.0
Sigmoid,120,7140,16,0,842520,0.0,0,14280,0.0
Sigmoid,120,7140,17,0,842520,0.0,0,14280,0.0
Sigmoid,120,7140,18,0,842520,0.0,0,14280,0.0
Sigmoid,120,7140,19,0,842520,0.0,0,14280,0.0
Sigmoid,120,7140,20,0,842520,0.0,0,14280,0.0
Sigmoid,120,7140,21,0,842520,0.0,0,14280,0.0
Sigmoid,120,7140,22,0,842520,0.0,0,14280,0.0
Sigmoid,120,7140,23,0,842520,0.0,0,14280,0.0
Sigmoid,120,7140,24,0,842520,0.0,0,14280,0.0
Sigmoid,120,7140,25,0,842520,0.0,0,14280,0.0
Sigmoid,120,7140,26,0,842520,0.0,0,14280,0.0
Sigmoid,120,7140,27,0,842520,0.0,0,14280,0.0
Sigmoid,120,7140,28,0,842520,0.0,0,14280,0.0
Sigmoid,120,7140,29,0,842520,0.0,0,14280,0.0
Sigmoid,120,7140,30,0,842520,0.0,0,14280,0.0
InfoNCE,140,9730,5,755832,1342740,0.5629027213012199,0,19460,0.0
InfoNCE,140,9730,6,740619,1342740,0.5515729031681488,0,19460,0.0
InfoNCE,140,9730,7,722405,1342740,0.5380081028345026,0,19460,0.0
InfoNCE,140,9730,8,710194,1342740,0.5289140116478246,0,19460,0.0
InfoNCE,140,9730,9,698559,1342740,0.5202488940524599,0,19460,0.0
InfoNCE,140,9730,10,684272,1342740,0.5096087105470903,0,19460,0.0
InfoNCE,140,9730,11,670465,1342740,0.49932600503448177,0,19460,0.0
InfoNCE,140,9730,12,662878,1342740,0.49367561851140207,0,19460,0.0
InfoNCE,140,9730,13,655190,1342740,0.48795001266067894,0,19460,0.0
InfoNCE,140,9730,14,650660,1342740,0.4845763141039963,0,19460,0.0
InfoNCE,140,9730,15,647928,1342740,0.48254166852853125,0,19460,0.0
InfoNCE,140,9730,16,647002,1342740,0.48185203390082965,0,19460,0.0
InfoNCE,140,9730,17,645975,1342740,0.4810871799454846,0,19460,0.0
InfoNCE,140,9730,18,647685,1342740,0.48236069529469594,0,19460,0.0
InfoNCE,140,9730,19,646878,1342740,0.48175968541936637,0,19460,0.0
InfoNCE,140,9730,20,647341,1342740,0.4821045027332172,0,19460,0.0
InfoNCE,140,9730,21,650129,1342740,0.4841808540745044,0,19460,0.0
InfoNCE,140,9730,22,647259,1342740,0.4820434335761205,0,19460,0.0
InfoNCE,140,9730,23,650299,1342740,0.48430746086360726,0,19460,0.0
InfoNCE,140,9730,24,651971,1342740,0.485552675871725,0,19460,0.0
InfoNCE,140,9730,25,653466,1342740,0.48666607087001207,0,19460,0.0
InfoNCE,140,9730,26,651799,1342740,0.4854245795909856,0,19460,0.0
InfoNCE,140,9730,27,653258,1342740,0.4865111637398156,0,19460,0.0
InfoNCE,140,9730,28,654470,1342740,0.4874137956715373,0,19460,0.0
InfoNCE,140,9730,29,653469,1342740,0.48666830510746684,0,19460,0.0
InfoNCE,140,9730,30,653329,1342740,0.48656404069291154,0,19460,0.0
Sigmoid,140,9730,5,49,1342740,3.6492545094359294e-05,19216,19460,0.9874614594039055
Sigmoid,140,9730,6,1659,1342740,0.0012355333124804504,14096,19460,0.7243576567317574
Sigmoid,140,9730,7,204,1342740,0.00015192814692345502,1341,19460,0.06891058581706064
Sigmoid,140,9730,8,22,1342740,1.638440800154907e-05,45,19460,0.0023124357656731757
Sigmoid,140,9730,9,0,1342740,0.0,0,19460,0.0
Sigmoid,140,9730,10,0,1342740,0.0,0,19460,0.0
Sigmoid,140,9730,11,0,1342740,0.0,0,19460,0.0
Sigmoid,140,9730,12,0,1342740,0.0,0,19460,0.0
Sigmoid,140,9730,13,0,1342740,0.0,0,19460,0.0
Sigmoid,140,9730,14,0,1342740,0.0,0,19460,0.0
Sigmoid,140,9730,15,0,1342740,0.0,0,19460,0.0
Sigmoid,140,9730,16,0,1342740,0.0,0,19460,0.0
Sigmoid,140,9730,17,0,1342740,0.0,0,19460,0.0
Sigmoid,140,9730,18,0,1342740,0.0,0,19460,0.0
Sigmoid,140,9730,19,0,1342740,0.0,0,19460,0.0
Sigmoid,140,9730,20,0,1342740,0.0,0,19460,0.0
Sigmoid,140,9730,21,0,1342740,0.0,0,19460,0.0
Sigmoid,140,9730,22,0,1342740,0.0,0,19460,0.0
Sigmoid,140,9730,23,0,1342740,0.0,0,19460,0.0
Sigmoid,140,9730,24,0,1342740,0.0,0,19460,0.0
Sigmoid,140,9730,25,0,1342740,0.0,0,19460,0.0
Sigmoid,140,9730,26,0,1342740,0.0,0,19460,0.0
Sigmoid,140,9730,27,0,1342740,0.0,0,19460,0.0
Sigmoid,140,9730,28,0,1342740,0.0,0,19460,0.0
Sigmoid,140,9730,29,0,1342740,0.0,0,19460,0.0
Sigmoid,140,9730,30,0,1342740,0.0,0,19460,0.0
InfoNCE,160,12720,5,1145663,2009760,0.5700496576705676,0,25440,0.0
InfoNCE,160,12720,6,1123677,2009760,0.5591100429902077,0,25440,0.0
InfoNCE,160,12720,7,1087735,2009760,0.5412263155799697,0,25440,0.0
InfoNCE,160,12720,8,1067122,2009760,0.5309698670488018,0,25440,0.0
InfoNCE,160,12720,9,1055424,2009760,0.5251492715548125,0,25440,0.0
InfoNCE,160,12720,10,1033823,2009760,0.514401222036462,0,25440,0.0
InfoNCE,160,12720,11,1026078,2009760,0.5105475280630523,0,25440,0.0
InfoNCE,160,12720,12,1000325,2009760,0.4977335602260966,0,25440,0.0
InfoNCE,160,12720,13,986553,2009760,0.4908810007165034,0,25440,0.0
InfoNCE,160,12720,14,994727,2009760,0.4949481530132951,0,25440,0.0
InfoNCE,160,12720,15,974408,2009760,0.4848379906058435,0,25440,0.0
InfoNCE,160,12720,16,969942,2009760,0.48261583472653447,0,25440,0.0
InfoNCE,160,12720,17,967072,2009760,0.4811878035188281,0,25440,0.0
InfoNCE,160,12720,18,967512,2009760,0.4814067351325531,0,25440,0.0
InfoNCE,160,12720,19,971452,2009760,0.4833671682190908,0,25440,0.0
InfoNCE,160,12720,20,968643,2009760,0.48196948889419633,0,25440,0.0
InfoNCE,160,12720,21,974989,2009760,0.4851270798503304,0,25440,0.0
InfoNCE,160,12720,22,972652,2009760,0.4839642544383409,0,25440,0.0
InfoNCE,160,12720,23,975779,2009760,0.48552016161133665,0,25440,0.0
InfoNCE,160,12720,24,977349,2009760,0.4863013494148555,0,25440,0.0
InfoNCE,160,12720,25,976067,2009760,0.4856634623039567,0,25440,0.0
InfoNCE,160,12720,26,978471,2009760,0.4868596250298543,0,25440,0.0
InfoNCE,160,12720,27,976494,2009760,0.48587592548363984,0,25440,0.0
InfoNCE,160,12720,28,983646,2009760,0.48943455935037017,0,25440,0.0
InfoNCE,160,12720,29,980726,2009760,0.487981649550195,0,25440,0.0
InfoNCE,160,12720,30,982224,2009760,0.48872701218055886,0,25440,0.0
Sigmoid,160,12720,5,97,2009760,4.8264469389379826e-05,25158,25440,0.9889150943396225
Sigmoid,160,12720,6,1879,2009760,0.0009349375049757184,20058,25440,0.788443396226415
Sigmoid,160,12720,7,328,2009760,0.00016320356659501632,2788,25440,0.10959119496855345
Sigmoid,160,12720,8,50,2009760,2.4878592468752486e-05,162,25440,0.006367924528301886
Sigmoid,160,12720,9,0,2009760,0.0,0,25440,0.0
Sigmoid,160,12720,10,0,2009760,0.0,0,25440,0.0
Sigmoid,160,12720,11,0,2009760,0.0,0,25440,0.0
Sigmoid,160,12720,12,0,2009760,0.0,0,25440,0.0
Sigmoid,160,12720,13,0,2009760,0.0,0,25440,0.0
Sigmoid,160,12720,14,0,2009760,0.0,0,25440,0.0
Sigmoid,160,12720,15,0,2009760,0.0,0,25440,0.0
Sigmoid,160,12720,16,0,2009760,0.0,0,25440,0.0
Sigmoid,160,12720,17,0,2009760,0.0,0,25440,0.0
Sigmoid,160,12720,18,0,2009760,0.0,0,25440,0.0
Sigmoid,160,12720,19,0,2009760,0.0,0,25440,0.0
Sigmoid,160,12720,20,0,2009760,0.0,0,25440,0.0
Sigmoid,160,12720,21,0,2009760,0.0,0,25440,0.0
Sigmoid,160,12720,22,0,2009760,0.0,0,25440,0.0
Sigmoid,160,12720,23,0,2009760,0.0,0,25440,0.0
Sigmoid,160,12720,24,0,2009760,0.0,0,25440,0.0
Sigmoid,160,12720,25,0,2009760,0.0,0,25440,0.0
Sigmoid,160,12720,26,0,2009760,0.0,0,25440,0.0
Sigmoid,160,12720,27,0,2009760,0.0,0,25440,0.0
Sigmoid,160,12720,28,0,2009760,0.0,0,25440,0.0
Sigmoid,160,12720,29,0,2009760,0.0,0,25440,0.0
Sigmoid,160,12720,30,0,2009760,0.0,0,25440,0.0
InfoNCE,180,16110,5,1629775,2867580,0.5683450854030228,0,32220,0.0
InfoNCE,180,16110,6,1546942,2867580,0.5394590560681829,0,32220,0.0
InfoNCE,180,16110,7,1551687,2867580,0.5411137614294981,0,32220,0.0
InfoNCE,180,16110,8,1524778,2867580,0.5317298907092392,0,32220,0.0
InfoNCE,180,16110,9,1512233,2867580,0.5273551217402828,0,32220,0.0
InfoNCE,180,16110,10,1480780,2867580,0.516386639605521,0,32220,0.0
InfoNCE,180,16110,11,1453377,2867580,0.5068304981901115,0,32220,0.0
InfoNCE,180,16110,12,1434135,2867580,0.5001203105057226,0,32220,0.0
InfoNCE,180,16110,13,1415676,2867580,0.49368317536040845,0,32220,0.0
InfoNCE,180,16110,14,1401512,2867580,0.4887438188298147,0,32220,0.0
InfoNCE,180,16110,15,1393427,2867580,0.48592436828266344,0,32220,0.0
InfoNCE,180,16110,16,1387629,2867580,0.4839024543343168,0,32220,0.0
InfoNCE,180,16110,17,1389249,2867580,0.4844673906220576,0,32220,0.0
InfoNCE,180,16110,18,1381494,2867580,0.4817630196890758,0,32220,0.0
InfoNCE,180,16110,19,1386861,2867580,0.48363463268679513,0,32220,0.0
InfoNCE,180,16110,20,1386729,2867580,0.48358860084112737,0,32220,0.0
InfoNCE,180,16110,21,1386603,2867580,0.48354466135208085,0,32220,0.0
InfoNCE,180,16110,22,1397704,2867580,0.4874158698275201,0,32220,0.0
InfoNCE,180,16110,23,1397031,2867580,0.48718117715983517,0,32220,0.0
InfoNCE,180,16110,24,1396073,2867580,0.4868470975526402,0,32220,0.0
InfoNCE,180,16110,25,1395946,2867580,0.48680280933749015,0,32220,0.0
InfoNCE,180,16110,26,1400003,2867580,0.4882175911395672,0,32220,0.0
InfoNCE,180,16110,27,1404963,2867580,0.4899472726131442,0,32220,0.0
InfoNCE,180,16110,28,1400144,2867580,0.48826676152016685,0,32220,0.0
InfoNCE,180,16110,29,1406429,2867580,0.49045850508093936,0,32220,0.0
InfoNCE,180,16110,30,1407598,2867580,0.490866165895982,0,32220,0.0
Sigmoid,180,16110,5,14,2867580,4.882165449612566e-06,32057,32220,0.9949410304158908
Sigmoid,180,16110,6,2061,2867580,0.0007187244994036784,26805,32220,0.8319366852886406
Sigmoid,180,16110,7,487,2867580,0.00016982961242580853,5112,32220,0.15865921787709497
Sigmoid,180,16110,8,120,2867580,4.184713242525056e-05,485,32220,0.01505276225946617
Sigmoid,180,16110,9,0,2867580,0.0,0,32220,0.0
Sigmoid,180,16110,10,0,2867580,0.0,0,32220,0.0
Sigmoid,180,16110,11,0,2867580,0.0,0,32220,0.0
Sigmoid,180,16110,12,0,2867580,0.0,0,32220,0.0
Sigmoid,180,16110,13,0,2867580,0.0,0,32220,0.0
Sigmoid,180,16110,14,0,2867580,0.0,0,32220,0.0
Sigmoid,180,16110,15,0,2867580,0.0,0,32220,0.0
Sigmoid,180,16110,16,0,2867580,0.0,0,32220,0.0
Sigmoid,180,16110,17,0,2867580,0.0,0,32220,0.0
Sigmoid,180,16110,18,0,2867580,0.0,0,32220,0.0
Sigmoid,180,16110,19,0,2867580,0.0,0,32220,0.0
Sigmoid,180,16110,20,0,2867580,0.0,0,32220,0.0
Sigmoid,180,16110,21,0,2867580,0.0,0,32220,0.0
Sigmoid,180,16110,22,0,2867580,0.0,0,32220,0.0
Sigmoid,180,16110,23,0,2867580,0.0,0,32220,0.0
Sigmoid,180,16110,24,0,2867580,0.0,0,32220,0.0
Sigmoid,180,16110,25,0,2867580,0.0,0,32220,0.0
Sigmoid,180,16110,26,0,2867580,0.0,0,32220,0.0
Sigmoid,180,16110,27,0,2867580,0.0,0,32220,0.0
Sigmoid,180,16110,28,0,2867580,0.0,0,32220,0.0
Sigmoid,180,16110,29,0,2867580,0.0,0,32220,0.0
Sigmoid,180,16110,30,0,2867580,0.0,0,32220,0.0
InfoNCE,200,19900,5,2224242,3940200,0.5644997715851987,0,39800,0.0
InfoNCE,200,19900,6,2192358,3940200,0.5564077965585503,0,39800,0.0
InfoNCE,200,19900,7,2134889,3940200,0.5418224963199838,0,39800,0.0
InfoNCE,200,19900,8,2096813,3940200,0.532159027460535,0,39800,0.0
InfoNCE,200,19900,9,2077546,3940200,0.5272691741535963,0,39800,0.0
InfoNCE,200,19900,10,2047107,3940200,0.5195439317801127,0,39800,0.0
InfoNCE,200,19900,11,2007318,3940200,0.5094457134155627,0,39800,0.0
InfoNCE,200,19900,12,1975082,3940200,0.5012644028221918,0,39800,0.0
InfoNCE,200,19900,13,1953939,3940200,0.4958984315516979,0,39800,0.0
InfoNCE,200,19900,14,1935748,3940200,0.4912816608293995,0,39800,0.0
InfoNCE,200,19900,15,1918938,3940200,0.4870153799299528,0,39800,0.0
InfoNCE,200,19900,16,1912495,3940200,0.4853801837470179,0,39800,0.0
InfoNCE,200,19900,17,1909305,3940200,0.4845705801735953,0,39800,0.0
InfoNCE,200,19900,18,1905739,3940200,0.48366554997208266,0,39800,0.0
InfoNCE,200,19900,19,1904510,3940200,0.4833536368712248,0,39800,0.0
InfoNCE,200,19900,20,1907543,3940200,0.4841233947515355,0,39800,0.0
InfoNCE,200,19900,21,1921238,3940200,0.48759910664433276,0,39800,0.0
InfoNCE,200,19900,22,1913210,3940200,0.485561646616923,0,39800,0.0
InfoNCE,200,19900,23,1915313,3940200,0.4860953758692452,0,39800,0.0
InfoNCE,200,19900,24,1920711,3940200,0.48746535708847266,0,39800,0.0
InfoNCE,200,19900,25,1929580,3940200,0.4897162580579666,0,39800,0.0
InfoNCE,200,19900,26,1927684,3940200,0.48923506420993856,0,39800,0.0
InfoNCE,200,19900,27,1926400,3940200,0.4889091924267804,0,39800,0.0
InfoNCE,200,19900,28,1930766,3940200,0.49001725800720775,0,39800,0.0
InfoNCE,200,19900,29,1934735,3940200,0.4910245672808487,0,39800,0.0
InfoNCE,200,19900,30,1934678,3940200,0.491010101010101,0,39800,0.0
Sigmoid,200,19900,5,0,3940200,0.0,39800,39800,1.0
Sigmoid,200,19900,6,2173,3940200,0.00055149484797726,34350,39800,0.8630653266331658
Sigmoid,200,19900,7,573,3940200,0.00014542409014770824,8387,39800,0.2107286432160804
Sigmoid,200,19900,8,201,3940200,5.101263895233744e-05,1181,39800,0.029673366834170854
Sigmoid,200,19900,9,0,3940200,0.0,0,39800,0.0
Sigmoid,200,19900,10,0,3940200,0.0,0,39800,0.0
Sigmoid,200,19900,11,0,3940200,0.0,0,39800,0.0
Sigmoid,200,19900,12,0,3940200,0.0,0,39800,0.0
Sigmoid,200,19900,13,0,3940200,0.0,0,39800,0.0
Sigmoid,200,19900,14,0,3940200,0.0,0,39800,0.0
Sigmoid,200,19900,15,0,3940200,0.0,0,39800,0.0
Sigmoid,200,19900,16,0,3940200,0.0,0,39800,0.0
Sigmoid,200,19900,17,0,3940200,0.0,0,39800,0.0
Sigmoid,200,19900,18,0,3940200,0.0,0,39800,0.0
Sigmoid,200,19900,19,0,3940200,0.0,0,39800,0.0
Sigmoid,200,19900,20,0,3940200,0.0,0,39800,0.0
Sigmoid,200,19900,21,0,3940200,0.0,0,39800,0.0
Sigmoid,200,19900,22,0,3940200,0.0,0,39800,0.0
Sigmoid,200,19900,23,0,3940200,0.0,0,39800,0.0
Sigmoid,200,19900,24,0,3940200,0.0,0,39800,0.0
Sigmoid,200,19900,25,0,3940200,0.0,0,39800,0.0
Sigmoid,200,19900,26,0,3940200,0.0,0,39800,0.0
Sigmoid,200,19900,27,0,3940200,0.0,0,39800,0.0
Sigmoid,200,19900,28,0,3940200,0.0,0,39800,0.0
Sigmoid,200,19900,29,0,3940200,0.0,0,39800,0.0
Sigmoid,200,19900,30,0,3940200,0.0,0,39800,0.0
InfoNCE,220,24090,5,2990908,5251620,0.5695210239887882,0,48180,0.0
InfoNCE,220,24090,6,2925987,5251620,0.5571589338147086,0,48180,0.0
InfoNCE,220,24090,7,2843790,5251620,0.541507192066448,0,48180,0.0
InfoNCE,220,24090,8,2806436,5251620,0.5343943392705489,0,48180,0.0
InfoNCE,220,24090,9,2759591,5251620,0.5254742346171277,0,48180,0.0
InfoNCE,220,24090,10,2719438,5251620,0.5178284034259905,0,48180,0.0
InfoNCE,220,24090,11,2683529,5251620,0.5109907038209163,0,48180,0.0
InfoNCE,220,24090,12,2646623,5251620,0.5039631580350444,0,48180,0.0
InfoNCE,220,24090,13,2616289,5251620,0.498187035619485,0,48180,0.0
InfoNCE,220,24090,14,2592797,5251620,0.4937137492811742,0,48180,0.0
InfoNCE,220,24090,15,2567097,5251620,0.48882002125058555,0,48180,0.0
InfoNCE,220,24090,16,2551950,5251620,0.4859357683914678,0,48180,0.0
InfoNCE,220,24090,17,2552320,5251620,0.48600622284171363,0,48180,0.0
InfoNCE,220,24090,18,2544514,5251620,0.48451982435895974,0,48180,0.0
InfoNCE,220,24090,19,2543889,5251620,0.4844008134632742,0,48180,0.0
InfoNCE,220,24090,20,2550579,5251620,0.485674706090692,0,48180,0.0
InfoNCE,220,24090,21,2547468,5251620,0.4850823174563278,0,48180,0.0
InfoNCE,220,24090,22,2561670,5251620,0.487786625841169,0,48180,0.0
InfoNCE,220,24090,23,2560596,5251620,0.487582117518023,0,48180,0.0
InfoNCE,220,24090,24,2563581,5251620,0.48815051355581707,0,48180,0.0
InfoNCE,220,24090,25,2570243,5251620,0.4894190744951082,0,48180,0.0
InfoNCE,220,24090,26,2567922,5251620,0.4889771156328904,0,48180,0.0
InfoNCE,220,24090,27,2571143,5251620,0.48959045018489533,0,48180,0.0
InfoNCE,220,24090,28,2574937,5251620,0.49031289392606475,0,48180,0.0
InfoNCE,220,24090,29,2577878,5251620,0.4908729115968025,0,48180,0.0
InfoNCE,220,24090,30,2585817,5251620,0.4923846355981583,0,48180,0.0
Sigmoid,220,24090,5,0,5251620,0.0,48180,48180,1.0
Sigmoid,220,24090,6,2252,5251620,0.00042882005933407216,42615,48180,0.8844956413449565
Sigmoid,220,24090,7,773,5251620,0.00014719267578385337,12427,48180,0.257928601079286
Sigmoid,220,24090,8,317,5251620,6.036232629169666e-05,2281,48180,0.04734329597343296
Sigmoid,220,24090,9,3,5251620,5.712522992905047e-07,6,48180,0.00012453300124533003
Sigmoid,220,24090,10,0,5251620,0.0,0,48180,0.0
Sigmoid,220,24090,11,0,5251620,0.0,0,48180,0.0
Sigmoid,220,24090,12,0,5251620,0.0,0,48180,0.0
Sigmoid,220,24090,13,0,5251620,0.0,0,48180,0.0
Sigmoid,220,24090,14,0,5251620,0.0,0,48180,0.0
Sigmoid,220,24090,15,0,5251620,0.0,0,48180,0.0
Sigmoid,220,24090,16,0,5251620,0.0,0,48180,0.0
Sigmoid,220,24090,17,0,5251620,0.0,0,48180,0.0
Sigmoid,220,24090,18,0,5251620,0.0,0,48180,0.0
Sigmoid,220,24090,19,0,5251620,0.0,0,48180,0.0
Sigmoid,220,24090,20,0,5251620,0.0,0,48180,0.0
Sigmoid,220,24090,21,0,5251620,0.0,0,48180,0.0
Sigmoid,220,24090,22,0,5251620,0.0,0,48180,0.0
Sigmoid,220,24090,23,0,5251620,0.0,0,48180,0.0
Sigmoid,220,24090,24,0,5251620,0.0,0,48180,0.0
Sigmoid,220,24090,25,0,5251620,0.0,0,48180,0.0
Sigmoid,220,24090,26,0,5251620,0.0,0,48180,0.0
Sigmoid,220,24090,27,0,5251620,0.0,0,48180,0.0
Sigmoid,220,24090,28,0,5251620,0.0,0,48180,0.0
Sigmoid,220,24090,29,0,5251620,0.0,0,48180,0.0
Sigmoid,220,24090,30,0,5251620,0.0,0,48180,0.0
InfoNCE,240,28680,5,3861812,6825840,0.5657636276267829,0,57360,0.0
InfoNCE,240,28680,6,3692541,6825840,0.5409650680355824,0,57360,0.0
InfoNCE,240,28680,7,3722708,6825840,0.5453845973535858,0,57360,0.0
InfoNCE,240,28680,8,3660281,6825840,0.5362389097898573,0,57360,0.0
InfoNCE,240,28680,9,3614983,6825840,0.5296026569623665,0,57360,0.0
InfoNCE,240,28680,10,3547038,6825840,0.5196485707253613,0,57360,0.0
InfoNCE,240,28680,11,3510009,6825840,0.5142237438908618,0,57360,0.0
InfoNCE,240,28680,12,3446045,6825840,0.5048528825756244,0,57360,0.0
InfoNCE,240,28680,13,3453817,6825840,0.5059914970172169,0,57360,0.0
InfoNCE,240,28680,14,3373779,6825840,0.4942657606975845,0,57360,0.0
InfoNCE,240,28680,15,3347386,6825840,0.49039913036344246,0,57360,0.0
InfoNCE,240,28680,16,3334900,6825840,0.4885699049494275,0,57360,0.0
InfoNCE,240,28680,17,3313197,6825840,0.48539036953693615,0,57360,0.0
InfoNCE,240,28680,18,3317342,6825840,0.48599762080564446,0,57360,0.0
InfoNCE,240,28680,19,3305475,6825840,0.48425908020111813,0,57360,0.0
InfoNCE,240,28680,20,3312748,6825840,0.48532459008708084,0,57360,0.0
InfoNCE,240,28680,21,3316857,6825840,0.4859265672796315,0,57360,0.0
InfoNCE,240,28680,22,3325996,6825840,0.48726545011309963,0,57360,0.0
InfoNCE,240,28680,23,3324082,6825840,0.4869850450640507,0,57360,0.0
InfoNCE,240,28680,24,3347080,6825840,0.49035430071610236,0,57360,0.0
InfoNCE,240,28680,25,3342357,6825840,0.4896623712246405,0,57360,0.0
InfoNCE,240,28680,26,3347542,6825840,0.490421984693459,0,57360,0.0
InfoNCE,240,28680,27,3351148,6825840,0.4909502713219179,0,57360,0.0
InfoNCE,240,28680,28,3353945,6825840,0.491360037738945,0,57360,0.0
InfoNCE,240,28680,29,3359612,6825840,0.4921902652274299,0,57360,0.0
InfoNCE,240,28680,30,3352955,6825840,0.4912150006446093,0,57360,0.0
Sigmoid,240,28680,5,0,6825840,0.0,57360,57360,1.0
Sigmoid,240,28680,6,2206,6825840,0.0003231836667721482,51771,57360,0.9025627615062761
Sigmoid,240,28680,7,921,6825840,0.0001349284483667944,17886,57360,0.31182008368200836
Sigmoid,240,28680,8,457,6825840,6.69514667791803e-05,3911,57360,0.06818340306834031
Sigmoid,240,28680,9,11,6825840,1.6115232703960246e-06,37,57360,0.0006450488145048815
Sigmoid,240,28680,10,0,6825840,0.0,0,57360,0.0
Sigmoid,240,28680,11,0,6825840,0.0,0,57360,0.0
Sigmoid,240,28680,12,0,6825840,0.0,0,57360,0.0
Sigmoid,240,28680,13,0,6825840,0.0,0,57360,0.0
Sigmoid,240,28680,14,0,6825840,0.0,0,57360,0.0
Sigmoid,240,28680,15,0,6825840,0.0,0,57360,0.0
Sigmoid,240,28680,16,0,6825840,0.0,0,57360,0.0
Sigmoid,240,28680,17,0,6825840,0.0,0,57360,0.0
Sigmoid,240,28680,18,0,6825840,0.0,0,57360,0.0
Sigmoid,240,28680,19,0,6825840,0.0,0,57360,0.0
Sigmoid,240,28680,20,0,6825840,0.0,0,57360,0.0
Sigmoid,240,28680,21,0,6825840,0.0,0,57360,0.0
Sigmoid,240,28680,22,0,6825840,0.0,0,57360,0.0
Sigmoid,240,28680,23,0,6825840,0.0,0,57360,0.0
Sigmoid,240,28680,24,0,6825840,0.0,0,57360,0.0
Sigmoid,240,28680,25,0,6825840,0.0,0,57360,0.0
Sigmoid,240,28680,26,0,6825840,0.0,0,57360,0.0
Sigmoid,240,28680,27,0,6825840,0.0,0,57360,0.0
Sigmoid,240,28680,28,0,6825840,0.0,0,57360,0.0
Sigmoid,240,28680,29,0,6825840,0.0,0,57360,0.0
Sigmoid,240,28680,30,0,6825840,0.0,0,57360,0.0
