loss,n,N,d,positive_score_mean,negative_score_mean,midpoint_threshold,false_positive_count,negative_count,false_positive_rate,false_negative_count,positive_count,false_negative_rate
InfoNCE,20,190,5,0.5859901546647674,-0.06418673863007458,0.2609017080173464,1020,3420,0.2982456140350877,0,380,0.0
InfoNCE,20,190,6,0.6016986206958168,-0.0668663213006434,0.2674161496975867,912,3420,0.26666666666666666,0,380,0.0
InfoNCE,20,190,7,0.6122387655471501,-0.06760645549676417,0.27231615502519296,636,3420,0.18596491228070175,0,380,0.0
InfoNCE,20,190,8,0.6325440046818633,-0.0705618525537569,0.2809910760640532,351,3420,0.10263157894736842,0,380,0.0
InfoNCE,20,190,9,0.635074666299318,-0.06921322245613913,0.2829307219215894,200,3420,0.05847953216374269,0,380,0.0
InfoNCE,20,190,10,0.6485586896538734,-0.06941694026566422,0.2895708746941046,71,3420,0.020760233918128656,0,380,0.0
InfoNCE,20,190,11,0.6450480053299352,-0.07034978842914835,0.2873491084503934,17,3420,0.004970760233918129,0,380,0.0
InfoNCE,20,190,12,0.6418349443297637,-0.07053480008292179,0.285650072123421,8,3420,0.0023391812865497076,0,380,0.0
InfoNCE,20,190,13,0.6390021647277632,-0.06953018114878932,0.28473599178948694,0,3420,0.0,0,380,0.0
InfoNCE,20,190,14,0.6410990955013978,-0.06774736121872577,0.28667586714133597,0,3420,0.0,0,380,0.0
InfoNCE,20,190,15,0.6406907192186305,-0.06972601510902326,0.28548235205480366,0,3420,0.0,0,380,0.0
InfoNCE,20,190,16,0.6418613560889896,-0.06597452873887194,0.2879434136750588,0,3420,0.0,0,380,0.0
InfoNCE,20,190,17,0.6355359853882538,-0.06827606220794707,0.2836299615901534,0,3420,0.0,0,380,0.0
InfoNCE,20,190,18,0.6325747682860023,-0.06172384373717596,0.2854254622744132,0,3420,0.0,0,380,0.0
InfoNCE,20,190,19,0.632474116275185,-0.06829203766673243,0.2820910393042263,0,3420,0.0,0,380,0.0
InfoNCE,20,190,20,0.6257593623117397,-0.06744048336386373,0.27915943947393795,0,3420,0.0,0,380,0.0
InfoNCE,20,190,21,0.6302567347099907,-0.06669799245899635,0.28177937112549717,0,3420,0.0,0,380,0.0
InfoNCE,20,190,22,0.6259064969263579,-0.0657818054264473,0.2800623457499553,0,3420,0.0,0,380,0.0
InfoNCE,20,190,23,0.6219157866741482,-0.0648437979480344,0.27853599436305687,0,3420,0.0,0,380,0.0
InfoNCE,20,190,24,0.6178898955646314,-0.06265429248160988,0.2776178015415107,0,3420,0.0,0,380,0.0
InfoNCE,20,190,25,0.6228336900472641,-0.06687854694223754,0.2779775715525133,0,3420,0.0,0,380,0.0
InfoNCE,20,190,26,0.6111064496793245,-0.06550170861616517,0.27280237053157963,0,3420,0.0,0,380,0.0
InfoNCE,20,190,27,0.6234899638514769,-0.06890656533566807,0.2772916992579044,0,3420,0.0,0,380,0.0
InfoNCE,20,190,28,0.6162892262402334,-0.06442618675418786,0.27593151974302277,0,3420,0.0,0,380,0.0
InfoNCE,20,190,29,0.6197676173166224,-0.06359039201841912,0.2780886126491017,0,3420,0.0,0,380,0.0
InfoNCE,20,190,30,0.6107642770597809,-0.06474005990660489,0.273012108576588,0,3420,0.0,0,380,0.0
InfoNCE,40,780,5,0.5374557587962884,-0.025872536714110456,0.25579161104108894,10556,29640,0.356140350877193,0,1560,0.0
InfoNCE,40,780,6,0.5787566619805801,-0.03038899635347552,0.2741838328135523,8489,29640,0.2864035087719298,0,1560,0.0
InfoNCE,40,780,7,0.5790096606008518,-0.03174380709283867,0.2736329267540066,7336,29640,0.2475033738191633,0,1560,0.0
InfoNCE,40,780,8,0.6079917284349601,-0.03185794555209049,0.28806689144143477,6580,29640,0.22199730094466938,0,1560,0.0
InfoNCE,40,780,9,0.6191561540732017,-0.03384728245883715,0.29265443580718226,5570,29640,0.1879217273954116,0,1560,0.0
InfoNCE,40,780,10,0.6350305523818884,-0.03301496766173314,0.30100779236007763,4640,29640,0.15654520917678813,0,1560,0.0
InfoNCE,40,780,11,0.6461086064003981,-0.033583786508602484,0.3062624099458978,3603,29640,0.1215587044534413,0,1560,0.0
InfoNCE,40,780,12,0.6488587603164024,-0.03250151834270903,0.30817862098684673,2926,29640,0.09871794871794871,0,1560,0.0
InfoNCE,40,780,13,0.6541557274758816,-0.03378627227016903,0.31018472760285626,1742,29640,0.058771929824561406,0,1560,0.0
InfoNCE,40,780,14,0.652471291846954,-0.03352171643786129,0.30947478770454634,1283,29640,0.04328609986504724,0,1560,0.0
InfoNCE,40,780,15,0.6506008959542482,-0.03320156594957463,0.3086996650023368,895,29640,0.030195681511470986,0,1560,0.0
InfoNCE,40,780,16,0.6505982156556386,-0.0339881168293497,0.30830504941314446,472,29640,0.01592442645074224,0,1560,0.0
InfoNCE,40,780,17,0.6540366850602322,-0.03383413239566645,0.31010127633228285,182,29640,0.0061403508771929825,0,1560,0.0
InfoNCE,40,780,18,0.6533989368340908,-0.03305562406637613,0.31017165638385735,91,29640,0.0030701754385964912,0,1560,0.0
InfoNCE,40,780,19,0.6524466734666091,-0.033999922501872226,0.30922337548236845,36,29640,0.0012145748987854252,0,1560,0.0
InfoNCE,40,780,20,0.6543323740554161,-0.03390951394382901,0.31021143005579355,10,29640,0.00033738191632928474,0,1560,0.0
InfoNCE,40,780,21,0.6529222160959856,-0.03288903620252127,0.31001658994673215,1,29640,3.3738191632928474e-05,0,1560,0.0
InfoNCE,40,780,22,0.6499976301040404,-0.03271935284821368,0.30863913862791337,0,29640,0.0,0,1560,0.0
InfoNCE,40,780,23,0.6533187047411234,-0.032863890461836076,0.3102274071396437,0,29640,0.0,0,1560,0.0
InfoNCE,40,780,24,0.648852019279431,-0.032976233981385925,0.30793789264902255,0,29640,0.0,0,1560,0.0
InfoNCE,40,780,25,0.6502777097316889,-0.03270222190247256,0.30878774391460817,0,29640,0.0,0,1560,0.0
InfoNCE,40,780,26,0.6488136366582834,-0.03206059767480629,0.30837651949173855,0,29640,0.0,0,1560,0.0
InfoNCE,40,780,27,0.6494736875479038,-0.033164561184800795,0.3081545631815515,0,29640,0.0,0,1560,0.0
InfoNCE,40,780,28,0.6472897833547531,-0.03296428043580836,0.30716275145947236,0,29640,0.0,0,1560,0.0
InfoNCE,40,780,29,0.6493559813079162,-0.031392738913717855,0.30898162119709915,0,29640,0.0,0,1560,0.0
InfoNCE,40,780,30,0.6450389338991581,-0.03227607229398208,0.306381430802588,0,29640,0.0,0,1560,0.0
InfoNCE,60,1770,5,0.5508746728132674,-0.011251430986320945,0.2698116209134732,36568,102660,0.356204948373271,0,3540,0.0
InfoNCE,60,1770,6,0.5522182898837967,-0.019540754822715597,0.2663387675305406,31863,102660,0.3103740502630041,0,3540,0.0
InfoNCE,60,1770,7,0.581805733166172,-0.02014176853676945,0.2808319823147013,26168,102660,0.25489966880966297,0,3540,0.0
InfoNCE,60,1770,8,0.5889901140567947,-0.02002124147106547,0.28448443629286463,23498,102660,0.22889148646015975,0,3540,0.0
InfoNCE,60,1770,9,0.6080080563486633,-0.02107147034618793,0.29346829300123767,20761,102660,0.20223066432885253,0,3540,0.0
InfoNCE,60,1770,10,0.6117794194379769,-0.02106878099268174,0.29535531922264757,18481,102660,0.18002142996298462,0,3540,0.0
InfoNCE,60,1770,11,0.6349623663361463,-0.021853178249363364,0.30655459404339147,15852,102660,0.15441262419637639,0,3540,0.0
InfoNCE,60,1770,12,0.6415210533024227,-0.02113504431650434,0.31019300449295917,13719,102660,0.13363530099357102,0,3540,0.0
InfoNCE,60,1770,13,0.6489412286608233,-0.022316397602802424,0.3133124155290104,11391,102660,0.11095850379894798,0,3540,0.0
InfoNCE,60,1770,14,0.6526661206605071,-0.022232508857974252,0.31521680590126644,9442,102660,0.09197350477303722,0,3540,0.0
InfoNCE,60,1770,15,0.6542997637879377,-0.021988400102576078,0.31615568184268084,7520,102660,0.07325150983830118,0,3540,0.0
InfoNCE,60,1770,16,0.6557270992189478,-0.022030351269043017,0.31684837397495236,5596,102660,0.054510033119033706,0,3540,0.0
InfoNCE,60,1770,17,0.6572082653220764,-0.021862694483126416,0.317672785419475,3698,102660,0.03602181959867524,0,3540,0.0
InfoNCE,60,1770,18,0.6565869753980367,-0.021427792780338316,0.31757959130884916,2644,102660,0.025754919150594194,0,3540,0.0
InfoNCE,60,1770,19,0.6585495350135249,-0.022069570166121093,0.3182399824237019,1612,102660,0.015702318332359244,0,3540,0.0
InfoNCE,60,1770,20,0.6584922401918529,-0.0220225925981051,0.3182348237968739,901,102660,0.008776543931424118,0,3540,0.0
InfoNCE,60,1770,21,0.655468878410967,-0.021944915418829248,0.3167619814960689,673,102660,0.006555620494837327,0,3540,0.0
InfoNCE,60,1770,22,0.6558635863375529,-0.022287624334482246,0.3167879810015353,294,102660,0.002863822326125073,0,3540,0.0
InfoNCE,60,1770,23,0.6558835515699818,-0.022245785127771155,0.3168188832211053,161,102660,0.001568283654782778,0,3540,0.0
InfoNCE,60,1770,24,0.6557610514221218,-0.021519974128902507,0.31712053864660966,66,102660,0.0006428988895382817,0,3540,0.0
InfoNCE,60,1770,25,0.6537967734333485,-0.022198213962065585,0.3157992797356415,37,102660,0.000360413013832067,0,3540,0.0
InfoNCE,60,1770,26,0.6545107822212796,-0.0216167449970751,0.3164470186121022,11,102660,0.00010714981492304694,0,3540,0.0
InfoNCE,60,1770,27,0.6557442039588077,-0.02189977905664981,0.31692221245107893,5,102660,4.87044613286577e-05,0,3540,0.0
InfoNCE,60,1770,28,0.6526707971500139,-0.021993766999958468,0.3153385150750277,1,102660,9.74089226573154e-06,0,3540,0.0
InfoNCE,60,1770,29,0.65464034502284,-0.02176694151538868,0.3164367017537256,0,102660,0.0,0,3540,0.0
InfoNCE,60,1770,30,0.6532966697451759,-0.021769412545335626,0.31576362859992013,0,102660,0.0,0,3540,0.0
InfoNCE,80,3160,5,0.5336102314576318,-0.009413671090452509,0.2620982801835896,91534,246480,0.37136481661798115,0,6320,0.0
InfoNCE,80,3160,6,0.568101088316003,-0.014562998109517873,0.2767690451032426,76350,246480,0.30976144109055503,0,6320,0.0
InfoNCE,80,3160,7,0.5653894904953769,-0.014255503606722923,0.275566993444327,66636,246480,0.27035053554040894,0,6320,0.0
InfoNCE,80,3160,8,0.5835867215938206,-0.01477087568061192,0.28440792295660433,57698,246480,0.23408795845504707,0,6320,0.0
InfoNCE,80,3160,9,0.6013809396967857,-0.015615212196140659,0.2928828637503225,50769,246480,0.20597614410905551,0,6320,0.0
InfoNCE,80,3160,10,0.6074444958303548,-0.015624893643940194,0.2959098010932073,45716,246480,0.18547549496916585,0,6320,0.0
InfoNCE,80,3160,11,0.6265968884235319,-0.01571351967154419,0.30544168437599384,40223,246480,0.1631897111327491,0,6320,0.0
InfoNCE,80,3160,12,0.6379668424825502,-0.01637340285533014,0.31079671981361,34822,246480,0.14127718273287893,0,6320,0.0
InfoNCE,80,3160,13,0.6421340832321705,-0.016162709898043564,0.31298568666706345,31220,246480,0.12666342096721844,0,6320,0.0
InfoNCE,80,3160,14,0.6488584418934358,-0.016307912899217084,0.31627526449710935,27203,246480,0.11036595261278806,0,6320,0.0
InfoNCE,80,3160,15,0.6510155318941496,-0.016399087915800328,0.31730822198917463,23486,246480,0.09528562155144434,0,6320,0.0
InfoNCE,80,3160,16,0.6540667599279292,-0.016231381423010696,0.3189176892524592,19722,246480,0.08001460564751704,0,6320,0.0
InfoNCE,80,3160,17,0.6569363560197474,-0.016333034700389958,0.32030166065967874,15686,246480,0.06364005193119117,0,6320,0.0
InfoNCE,80,3160,18,0.6579761608303347,-0.016505747330215263,0.32073520675005973,12513,246480,0.0507667964946446,0,6320,0.0
InfoNCE,80,3160,19,0.6586298003887074,-0.016632685690648637,0.3209985573490294,9076,246480,0.03682246024018176,0,6320,0.0
InfoNCE,80,3160,20,0.6594399522942833,-0.016516962134020288,0.3214614950801315,6092,246480,0.02471600129827978,0,6320,0.0
InfoNCE,80,3160,21,0.6592829434083233,-0.01664078558457516,0.32132107891187406,4260,246480,0.017283349561830575,0,6320,0.0
InfoNCE,80,3160,22,0.6582170950508193,-0.0165062549193623,0.3208554200657285,3008,246480,0.012203829925348913,0,6320,0.0
InfoNCE,80,3160,23,0.6582089903186771,-0.016529040044426936,0.3208399751371251,1792,246480,0.00727036676403765,0,6320,0.0
InfoNCE,80,3160,24,0.6576935859845031,-0.016479074231219967,0.3206072558766416,1110,246480,0.004503407984420642,0,6320,0.0
InfoNCE,80,3160,25,0.6587528131760751,-0.01642992914275654,0.3211614420166593,586,246480,0.002377474845829276,0,6320,0.0
InfoNCE,80,3160,26,0.6585821179083631,-0.016483164378884762,0.32104947676473916,333,246480,0.0013510223953261927,0,6320,0.0
InfoNCE,80,3160,27,0.6555532922237357,-0.016195774486792006,0.31967875886847186,196,246480,0.000795196364816618,0,6320,0.0
InfoNCE,80,3160,28,0.6559237617480604,-0.016137056956796233,0.3198933523956321,98,246480,0.000397598182408309,0,6320,0.0
InfoNCE,80,3160,29,0.6570683406736655,-0.016260256587397222,0.3204040420431341,35,246480,0.00014199935086011035,0,6320,0.0
InfoNCE,80,3160,30,0.6540628768267888,-0.016195219893946424,0.31893382846642115,16,246480,6.491398896462187e-05,0,6320,0.0
InfoNCE,100,4950,5,0.5406999775827533,-0.00031783083545588233,0.2701910733736487,182445,485100,0.3760977118119975,0,9900,0.0
InfoNCE,100,4950,6,0.544202155747799,-0.009618542558252029,0.2672918065947735,160820,485100,0.33151927437641726,0,9900,0.0
InfoNCE,100,4950,7,0.5608393767024531,-0.011404643192619211,0.2747173667549169,134338,485100,0.27692846835703977,0,9900,0.0
InfoNCE,100,4950,8,0.5709419076340367,-0.012576821832604914,0.2791825429007159,116313,485100,0.23977118119975263,0,9900,0.0
InfoNCE,100,4950,9,0.5887766981847359,-0.012856923042983638,0.2879598875708761,101341,485100,0.20890744176458462,0,9900,0.0
InfoNCE,100,4950,10,0.6059510815956376,-0.012133466777506268,0.29690880740906567,90894,485100,0.18737167594310453,0,9900,0.0
InfoNCE,100,4950,11,0.6193173057713894,-0.012485115913314406,0.30341609492903754,81703,485100,0.16842506699649556,0,9900,0.0
InfoNCE,100,4950,12,0.6303160653240752,-0.012687337630743974,0.30881436384666566,71327,485100,0.14703566274994848,0,9900,0.0
InfoNCE,100,4950,13,0.6392146003125894,-0.012827363022055055,0.3131936186452672,63640,485100,0.13118944547515976,0,9900,0.0
InfoNCE,100,4950,14,0.6430927481946319,-0.012995190120198818,0.31504877903721656,57299,485100,0.11811791383219955,0,9900,0.0
InfoNCE,100,4950,15,0.6491474324434695,-0.013035316414668216,0.3180560580144006,50656,485100,0.10442383013811585,0,9900,0.0
InfoNCE,100,4950,16,0.6526838324015791,-0.01311604200050842,0.31978389520053535,44427,485100,0.09158317872603587,0,9900,0.0
InfoNCE,100,4950,17,0.6564374650999754,-0.01303362310466049,0.32170192099765743,37584,485100,0.07747680890538033,0,9900,0.0
InfoNCE,100,4950,18,0.6574495540875377,-0.013165823887267373,0.32214186510013515,31704,485100,0.06535559678416822,0,9900,0.0
InfoNCE,100,4950,19,0.6578761488831405,-0.013045236348989466,0.3224154562670755,24973,485100,0.05148010719439291,0,9900,0.0
InfoNCE,100,4950,20,0.658627182976766,-0.012963131827573169,0.32283202557459645,19276,485100,0.03973613687899402,0,9900,0.0
InfoNCE,100,4950,21,0.6572167917243158,-0.012992397967879531,0.3221121968782181,16092,485100,0.033172541743970316,0,9900,0.0
InfoNCE,100,4950,22,0.6585414681079412,-0.013357958173873858,0.3225917549670337,10675,485100,0.022005772005772004,0,9900,0.0
InfoNCE,100,4950,23,0.6588564637393662,-0.01320128654043417,0.32282758859946603,7305,485100,0.015058750773036486,0,9900,0.0
InfoNCE,100,4950,24,0.6601305314958698,-0.013177949507160423,0.32347629099435465,4556,485100,0.009391877963306535,0,9900,0.0
InfoNCE,100,4950,25,0.6579063005037982,-0.013064492237574306,0.3224209041331119,3770,485100,0.0077715934858792,0,9900,0.0
InfoNCE,100,4950,26,0.6587890985126447,-0.013052336896150782,0.3228683808082469,2206,485100,0.004547515976087405,0,9900,0.0
InfoNCE,100,4950,27,0.6584366552486565,-0.013211603799200325,0.3226125257247281,1444,485100,0.002976705833848691,0,9900,0.0
InfoNCE,100,4950,28,0.6573570458455519,-0.013110744549995374,0.32212315064777824,767,485100,0.0015811172954030097,0,9900,0.0
InfoNCE,100,4950,29,0.6579258344751416,-0.013093775529605025,0.3224160294727683,433,485100,0.0008925994640280355,0,9900,0.0
InfoNCE,100,4950,30,0.6572058539017283,-0.01317646537222836,0.32201469426474993,289,485100,0.00059575345289631,0,9900,0.0
InfoNCE,120,7140,5,0.5249849494160558,-0.008610391668420857,0.2581872788738175,311914,842520,0.3702155438446565,0,14280,0.0
InfoNCE,120,7140,6,0.5428407618708136,-0.009257469435952615,0.2667916462174305,275220,842520,0.3266628685372454,0,14280,0.0
InfoNCE,120,7140,7,0.5518188454586418,-0.009617297956567808,0.27110077375103697,240890,842520,0.28591606133979014,0,14280,0.0
InfoNCE,120,7140,8,0.5712671466610011,-0.010468118075311866,0.2803995142928446,205867,842520,0.24434672173954328,0,14280,0.0
InfoNCE,120,7140,9,0.5807579135443984,-0.010722535916869667,0.2850176888137644,179686,842520,0.21327208849641552,0,14280,0.0
InfoNCE,120,7140,10,0.5851681374326474,-0.011378519885462368,0.2868948087735925,161691,842520,0.19191354507904856,0,14280,0.0
InfoNCE,120,7140,11,0.6150708963932777,-0.010525569277266401,0.30227266355800564,143548,842520,0.17037933817594836,0,14280,0.0
InfoNCE,120,7140,12,0.6253179261664382,-0.010566756927852076,0.3073755846192931,127975,842520,0.15189550396429757,0,14280,0.0
InfoNCE,120,7140,13,0.6340018191445275,-0.010592998366975177,0.31170441038877617,114085,842520,0.13540924844514077,0,14280,0.0
InfoNCE,120,7140,14,0.6421558726944175,-0.01063215362959669,0.3157618595324104,100831,842520,0.11967787114845939,0,14280,0.0
InfoNCE,120,7140,15,0.6452464695925973,-0.010738532042141155,0.3172539687752281,92389,842520,0.10965793096899777,0,14280,0.0
InfoNCE,120,7140,16,0.6472124449261765,-0.01070735668292359,0.31825254412162646,83419,842520,0.09901129943502825,0,14280,0.0
InfoNCE,120,7140,17,0.6540670198490138,-0.010900582714419842,0.321583218567297,71029,842520,0.08430541708208707,0,14280,0.0
InfoNCE,120,7140,18,0.6555275551891293,-0.010735164009177539,0.3223961955899759,62544,842520,0.07423443953852728,0,14280,0.0
InfoNCE,120,7140,19,0.656752816201592,-0.010715706251775871,0.32301855497490806,53919,842520,0.06399729383278735,0,14280,0.0
InfoNCE,120,7140,20,0.6595147829617606,-0.010882940788789933,0.3243159210864853,42969,842520,0.05100056971941319,0,14280,0.0
InfoNCE,120,7140,21,0.6583222151741761,-0.010909977714912816,0.3237061187296316,34278,842520,0.04068508759435978,0,14280,0.0
InfoNCE,120,7140,22,0.6584680272751495,-0.01090777984877039,0.3237801237131896,27058,842520,0.032115558087641834,0,14280,0.0
InfoNCE,120,7140,23,0.6582919224700173,-0.011015492290183514,0.3236382150899169,20311,842520,0.024107439586003893,0,14280,0.0
InfoNCE,120,7140,24,0.6590539016873062,-0.010869658085386789,0.3240921218009597,14168,842520,0.01681621801262878,0,14280,0.0
InfoNCE,120,7140,25,0.6592331449921225,-0.010934829312074654,0.3241491578400239,10589,842520,0.012568247638038266,0,14280,0.0
InfoNCE,120,7140,26,0.6589145975182203,-0.010934259925696369,0.32399016879626197,7344,842520,0.008716707021791767,0,14280,0.0
InfoNCE,120,7140,27,0.6594814283131551,-0.01087043992701092,0.32430549419307214,4991,842520,0.0059238949817215026,0,14280,0.0
InfoNCE,120,7140,28,0.6569976378472245,-0.01086488487189711,0.32306637648766373,3735,842520,0.004433129183876941,0,14280,0.0
InfoNCE,120,7140,29,0.6580299870765843,-0.01081883823366028,0.32360557442146204,1698,842520,0.002015382424156103,0,14280,0.0
InfoNCE,120,7140,30,0.6589556432342162,-0.010933922985648685,0.32401086012428376,1300,842520,0.001542990077386887,0,14280,0.0
InfoNCE,140,9730,5,0.5293865270001425,-0.00453898745600677,0.2624237697720679,509641,1342740,0.379553003559885,0,19460,0.0
InfoNCE,140,9730,6,0.5313262504149316,-0.004552139658946874,0.2633870553779924,448725,1342740,0.33418606729523215,0,19460,0.0
InfoNCE,140,9730,7,0.5560903974957113,-0.007940875269138746,0.27407476111328627,385187,1342740,0.28686640749512193,0,19460,0.0
InfoNCE,140,9730,8,0.5650454690743081,-0.009293231343771758,0.27787611886526814,332844,1342740,0.2478841771303454,0,19460,0.0
InfoNCE,140,9730,9,0.580316244316922,-0.009226267302767202,0.2855449885070774,290789,1342740,0.21656389174374785,0,19460,0.0
InfoNCE,140,9730,10,0.5979457585426298,-0.008650991604007025,0.29464738346931135,258886,1342740,0.19280426590404695,0,19460,0.0
InfoNCE,140,9730,11,0.6136449102783252,-0.008592086245977666,0.3025264120161738,229817,1342740,0.17115524971327287,0,19460,0.0
InfoNCE,140,9730,12,0.6188376721626441,-0.008982038333681405,0.30492781691448134,209036,1342740,0.15567868686417327,0,19460,0.0
InfoNCE,140,9730,13,0.631035233052392,-0.008900485128747367,0.31106737396182227,183975,1342740,0.1370146119129541,0,19460,0.0
InfoNCE,140,9730,14,0.6366989839052493,-0.009017465122017464,0.3138407593916159,167146,1342740,0.12448128453758732,0,19460,0.0
InfoNCE,140,9730,15,0.64279632694399,-0.009152617219208061,0.316821854862391,149786,1342740,0.1115524971327286,0,19460,0.0
InfoNCE,140,9730,16,0.6475428231451029,-0.00920739623135006,0.31916771345687645,134843,1342740,0.10042376037058552,0,19460,0.0
InfoNCE,140,9730,17,0.6516267202051791,-0.009257435649674076,0.3211846422777525,120851,1342740,0.09000327688160031,0,19460,0.0
InfoNCE,140,9730,18,0.6562100040321482,-0.009405603809775509,0.32340220011118637,105124,1342740,0.07829065939794748,0,19460,0.0
InfoNCE,140,9730,19,0.6560089712091487,-0.009355419716166371,0.32332677574649116,94257,1342740,0.07019750659100049,0,19460,0.0
InfoNCE,140,9730,20,0.657512199439162,-0.009257941206970502,0.3241271291160957,81015,1342740,0.06033558246570445,0,19460,0.0
InfoNCE,140,9730,21,0.6596351664532493,-0.009379537452291302,0.325127814500479,64157,1342740,0.04778065746160835,0,19460,0.0
InfoNCE,140,9730,22,0.6594869419457611,-0.009412372045415838,0.32503728495017264,54958,1342740,0.04092974067950608,0,19460,0.0
InfoNCE,140,9730,23,0.6601597622389171,-0.009503296416519431,0.32532823291119883,40393,1342740,0.030082517836662347,0,19460,0.0
InfoNCE,140,9730,24,0.6594649083031779,-0.009273016695650204,0.3250959458037639,32484,1342740,0.024192323160105455,0,19460,0.0
InfoNCE,140,9730,25,0.6614537586993083,-0.009336033492755212,0.32605886260327654,22534,1342740,0.016782102268495764,0,19460,0.0
InfoNCE,140,9730,26,0.6600254037458629,-0.009276925834731262,0.32537423895556583,16825,1342740,0.012530348392093778,0,19460,0.0
InfoNCE,140,9730,27,0.6607397358822431,-0.009404218749183154,0.32566775856652996,11710,1342740,0.008720973531733619,0,19460,0.0
InfoNCE,140,9730,28,0.6590572654710889,-0.009221349818658539,0.3249179578262152,7592,1342740,0.005654110252170934,0,19460,0.0
InfoNCE,140,9730,29,0.6586125714867113,-0.009351352778669221,0.324630609354021,6389,1342740,0.0047581810328135,0,19460,0.0
InfoNCE,140,9730,30,0.6580629453981891,-0.009271715462818938,0.3243956149676851,3919,1342740,0.0029186588617304914,0,19460,0.0
InfoNCE,160,12720,5,0.5284948462432941,-0.0006546271040040341,0.26392010956964507,775247,2009760,0.3857410835124592,0,25440,0.0
InfoNCE,160,12720,6,0.535115000521237,0.0020630752756596277,0.2685890378984483,685738,2009760,0.3412039248467479,0,25440,0.0
InfoNCE,160,12720,7,0.5537536664227457,-0.006818295567679983,0.27346768542753286,580967,2009760,0.2890728246158745,0,25440,0.0
InfoNCE,160,12720,8,0.567505376957029,-0.007734844283592901,0.279885266336718,500168,2009760,0.2488695167582199,0,25440,0.0
InfoNCE,160,12720,9,0.5742428886522568,-0.008242235722348126,0.2830003264649543,439810,2009760,0.21883707507364064,0,25440,0.0
InfoNCE,160,12720,10,0.591217285375925,-0.00805289976627823,0.2915821928048234,392758,2009760,0.1954253244168458,0,25440,0.0
InfoNCE,160,12720,11,0.6013587926824887,-0.007612113701628975,0.2968733394904299,344557,2009760,0.17144186370511902,0,25440,0.0
InfoNCE,160,12720,12,0.6136032776403352,-0.007725675693685941,0.3029388009733246,318719,2009760,0.1585856022609665,0,25440,0.0
InfoNCE,160,12720,13,0.6262218080882757,-0.007828370810409645,0.309196718638933,281750,2009760,0.14019086856142027,0,25440,0.0
InfoNCE,160,12720,14,0.6251581321019422,-0.00793608977612976,0.3086110211629062,251156,2009760,0.12496815540164,0,25440,0.0
InfoNCE,160,12720,15,0.6396223976130381,-0.008013388463285058,0.3158045045748765,228699,2009760,0.11379418438022451,0,25440,0.0
InfoNCE,160,12720,16,0.6452769574586231,-0.00811204442166465,0.3185824565184792,206462,2009760,0.10272967916567152,0,25440,0.0
InfoNCE,160,12720,17,0.6478884776726178,-0.00801513152809544,0.3199366730722612,189198,2009760,0.09413959875806066,0,25440,0.0
InfoNCE,160,12720,18,0.6514034474830863,-0.008086397618441512,0.3216585249323224,170064,2009760,0.08461905899211847,0,25440,0.0
InfoNCE,160,12720,19,0.6557436710446136,-0.0081332992805411,0.3238051858820363,147317,2009760,0.0733007921343842,0,25440,0.0
InfoNCE,160,12720,20,0.6559875802037383,-0.0080089182580062,0.32398933097286603,134062,2009760,0.06670547727091793,0,25440,0.0
InfoNCE,160,12720,21,0.6618917869380528,-0.008217201579493365,0.32683729267927975,105862,2009760,0.05267395111854152,0,25440,0.0
InfoNCE,160,12720,22,0.6584071513487951,-0.00820588177458335,0.3251006347871059,95587,2009760,0.04756140036621288,0,25440,0.0
InfoNCE,160,12720,23,0.6601072807392141,-0.00815177262795253,0.3259777540556308,77372,2009760,0.03849812912984635,0,25440,0.0
InfoNCE,160,12720,24,0.6608043098295072,-0.008181111027219919,0.3263115994011436,57799,2009760,0.028759155322028503,0,25440,0.0
InfoNCE,160,12720,25,0.6605551572703997,-0.008180532807100481,0.3261873122316496,46033,2009760,0.022904724942281667,0,25440,0.0
InfoNCE,160,12720,26,0.6609968507275829,-0.00823749751183686,0.326379676607873,32679,2009760,0.01626015046572725,0,25440,0.0
InfoNCE,160,12720,27,0.659672932497829,-0.008136860065605777,0.3257680362161116,27212,2009760,0.013539925165193855,0,25440,0.0
InfoNCE,160,12720,28,0.6602139620824993,-0.008171103557763428,0.32602142926236793,18533,2009760,0.009221499084467797,0,25440,0.0
InfoNCE,160,12720,29,0.6587819062056219,-0.008192607717283437,0.32529464924416923,13476,2009760,0.00670527824217817,0,25440,0.0
InfoNCE,160,12720,30,0.6581010667115169,-0.008190662575673564,0.32495520206792167,9941,2009760,0.00494636175463737,0,25440,0.0
InfoNCE,180,16110,5,0.5276452580856508,0.000873006622313531,0.26425913235398213,1107747,2867580,0.3863002950222836,0,32220,0.0
InfoNCE,180,16110,6,0.5438873671055358,-0.009203819391550537,0.2673417738569926,914896,2867580,0.319048117227767,0,32220,0.0
InfoNCE,180,16110,7,0.5476605123259279,-0.005943189361621129,0.27085866148215343,838808,2867580,0.29251424546132976,0,32220,0.0
InfoNCE,180,16110,8,0.564547069589038,-0.0068308957049265364,0.2788580869420557,726302,2867580,0.2532804664560361,0,32220,0.0
InfoNCE,180,16110,9,0.5673539405428497,-0.007759221850290022,0.27979735934627986,638561,2867580,0.22268288940500353,0,32220,0.0
InfoNCE,180,16110,10,0.5904466102067393,-0.00713610534203902,0.29165525243235013,561631,2867580,0.19585539025938248,0,32220,0.0
InfoNCE,180,16110,11,0.6016773629445678,-0.007322176945224019,0.2971775929996719,503183,2867580,0.1754730469594571,0,32220,0.0
InfoNCE,180,16110,12,0.6123838880467607,-0.00683971646392765,0.3027720857914165,456124,2867580,0.15906234525279156,0,32220,0.0
InfoNCE,180,16110,13,0.6229627968739975,-0.006923325680719388,0.30801973559663903,404591,2867580,0.14109144295887124,0,32220,0.0
InfoNCE,180,16110,14,0.6295523098347944,-0.007074562026206613,0.3112388739042939,369559,2867580,0.12887487009952642,0,32220,0.0
InfoNCE,180,16110,15,0.6351797872776204,-0.007070539241412451,0.31405462401810397,334613,2867580,0.11668828768508638,0,32220,0.0
InfoNCE,180,16110,16,0.6428106276146156,-0.0071351958004250175,0.3178377159070953,299665,2867580,0.10450100781843924,0,32220,0.0
InfoNCE,180,16110,17,0.6496114569863571,-0.007147690722807267,0.3212318831317749,264619,2867580,0.09227955279364482,0,32220,0.0
InfoNCE,180,16110,18,0.6502144896340326,-0.007166979921658946,0.32152375485618684,248727,2867580,0.08673759755612746,0,32220,0.0
InfoNCE,180,16110,19,0.6532666929080055,-0.007174470594030334,0.3230461111569876,220486,2867580,0.07688922366594829,0,32220,0.0
InfoNCE,180,16110,20,0.6557622573303185,-0.007197071579767993,0.3242825928752752,197414,2867580,0.06884341500498678,0,32220,0.0
InfoNCE,180,16110,21,0.6581300412337652,-0.007224715077894783,0.3254526630779352,172687,2867580,0.060220464642660364,0,32220,0.0
InfoNCE,180,16110,22,0.6607235253032951,-0.007127287298868547,0.3267981190022133,138112,2867580,0.04816325961263505,0,32220,0.0
InfoNCE,180,16110,23,0.6588282171750128,-0.007215225403914425,0.3258064958855492,120297,2867580,0.041950704078003054,0,32220,0.0
InfoNCE,180,16110,24,0.6594892518794885,-0.007283421797785702,0.32610291504085137,101975,2867580,0.03556134440887438,0,32220,0.0
InfoNCE,180,16110,25,0.6607863742823485,-0.007160301389682292,0.32681303644633314,80052,2867580,0.027916222040884647,0,32220,0.0
InfoNCE,180,16110,26,0.6593911404050262,-0.007257393159436718,0.32606687362279474,61853,2867580,0.021569755682491858,0,32220,0.0
InfoNCE,180,16110,27,0.6603655627985906,-0.007154728112525201,0.3266054173430327,44609,2867580,0.015556322752983352,0,32220,0.0
InfoNCE,180,16110,28,0.6585856806993262,-0.007317640984692361,0.32563401985731694,36989,2867580,0.01289902984397994,0,32220,0.0
InfoNCE,180,16110,29,0.6601975619062217,-0.007260577901399732,0.32646849200241096,25959,2867580,0.009052580921892327,0,32220,0.0
InfoNCE,180,16110,30,0.6600177899160272,-0.00713773578592934,0.32644002706504893,18459,2867580,0.006437135145314167,0,32220,0.0
InfoNCE,200,19900,5,0.5225934584446289,-0.0020950134607660522,0.26024922249193144,1501060,3940200,0.3809603573422669,0,39800,0.0
InfoNCE,200,19900,6,0.5319429311815219,-0.0035762173552226434,0.26418335691314965,1355579,3940200,0.34403811989239125,0,39800,0.0
InfoNCE,200,19900,7,0.5460587642929662,-0.0054244862774776685,0.27031713900774423,1158825,3940200,0.294103091213644,0,39800,0.0
InfoNCE,200,19900,8,0.5643653192809179,-0.005921283241644996,0.2792220180196365,1008046,3940200,0.25583625196690524,0,39800,0.0
InfoNCE,200,19900,9,0.5728572921200313,-0.006676389230957826,0.28309045144453676,882084,3940200,0.22386782396832647,0,39800,0.0
InfoNCE,200,19900,10,0.5801998148109745,-0.007260749150655636,0.2864695328301594,782441,3940200,0.19857900614182022,0,39800,0.0
InfoNCE,200,19900,11,0.6004196808019175,-0.00603492669081669,0.2971923770555504,701268,3940200,0.17797776762600884,0,39800,0.0
InfoNCE,200,19900,12,0.6095808032357214,-0.006102026638646561,0.3017393882985374,632256,3940200,0.1604629206639257,0,39800,0.0
InfoNCE,200,19900,13,0.6174283295697602,-0.006277186758348719,0.30557557140570574,571335,3940200,0.14500152276534187,0,39800,0.0
InfoNCE,200,19900,14,0.6264523560280476,-0.006167461743592986,0.31014244714222733,513530,3940200,0.1303309476676311,0,39800,0.0
InfoNCE,200,19900,15,0.6335394200944721,-0.006310768099833335,0.31361432599731937,464686,3940200,0.11793462260798944,0,39800,0.0
InfoNCE,200,19900,16,0.6393311434437582,-0.006445372528020782,0.3164428854578687,419543,3940200,0.10647758997005229,0,39800,0.0
InfoNCE,200,19900,17,0.6452624073602147,-0.006451982628522823,0.3194052123658459,377781,3940200,0.0958786356022537,0,39800,0.0
InfoNCE,200,19900,18,0.649588805440832,-0.006414338717416321,0.3215872333617078,342288,3940200,0.08687071722247601,0,39800,0.0
InfoNCE,200,19900,19,0.6500915695944024,-0.006448928020783363,0.32182132078680953,315050,3940200,0.07995787015887518,0,39800,0.0
InfoNCE,200,19900,20,0.6560400445257599,-0.006472539653053039,0.32478375243635343,277595,3940200,0.07045200751230903,0,39800,0.0
InfoNCE,200,19900,21,0.6581573375864843,-0.006411965554281671,0.3258726860161013,236941,3940200,0.060134257144307396,0,39800,0.0
InfoNCE,200,19900,22,0.6590398694088112,-0.006451212738503817,0.3262943283351537,215664,3940200,0.054734277447845286,0,39800,0.0
InfoNCE,200,19900,23,0.6583464909985137,-0.006358135212455243,0.32599417789302926,188664,3940200,0.0478818334094716,0,39800,0.0
InfoNCE,200,19900,24,0.6593835599405982,-0.006535833539629293,0.32642386320048444,152495,3940200,0.03870235013451094,0,39800,0.0
InfoNCE,200,19900,25,0.6636662212253815,-0.0064398096970644855,0.32861320576415853,116955,3940200,0.02968250342622202,0,39800,0.0
InfoNCE,200,19900,26,0.6612008614036905,-0.006471298133587954,0.3273647816350513,96818,3940200,0.024571849144713467,0,39800,0.0
InfoNCE,200,19900,27,0.6590931887759934,-0.00649506312484236,0.3262990628255755,81934,3940200,0.02079437592000406,0,39800,0.0
InfoNCE,200,19900,28,0.6612294792994183,-0.006587799481915165,0.3273208399087516,59660,3940200,0.015141363382569413,0,39800,0.0
InfoNCE,200,19900,29,0.6596993285844374,-0.006560704440953609,0.3265693120717419,43473,3940200,0.011033196284452566,0,39800,0.0
InfoNCE,200,19900,30,0.6610074673211155,-0.006477141981172357,0.3272651626699716,34344,3940200,0.00871630881681133,0,39800,0.0
InfoNCE,220,24090,5,0.5196485520083413,-0.0012544175165077594,0.25919706724591673,2035098,5251620,0.3875181372605025,0,48180,0.0
InfoNCE,220,24090,6,0.5372544198721065,-0.0017103296877943556,0.2677720450921561,1816170,5251620,0.3458304294674786,0,48180,0.0
InfoNCE,220,24090,7,0.5469730428890501,-0.005151417890738281,0.27091081249915594,1548980,5251620,0.2949527955183353,0,48180,0.0
InfoNCE,220,24090,8,0.5616568993073422,-0.005261305231491979,0.27819779703792513,1360918,5251620,0.25914251221527834,0,48180,0.0
InfoNCE,220,24090,9,0.5782038657972802,-0.005415809577711292,0.2863940281097845,1179157,5251620,0.22453204915816452,0,48180,0.0
InfoNCE,220,24090,10,0.5874605795026023,-0.005936121685905442,0.29076222890834846,1040853,5251620,0.19819655649113987,0,48180,0.0
InfoNCE,220,24090,11,0.597734018142736,-0.0054157569906728075,0.2961591305760316,942512,5251620,0.17947071570296405,0,48180,0.0
InfoNCE,220,24090,12,0.6073749566737573,-0.0054999468509320665,0.30093750491141263,849748,5251620,0.16180683293916925,0,48180,0.0
InfoNCE,220,24090,13,0.613259866306672,-0.005620169675505309,0.30381984831558334,771062,5251620,0.1468236467985117,0,48180,0.0
InfoNCE,220,24090,14,0.6229468268643479,-0.005631574055124472,0.3086576264046117,690254,5251620,0.13143639486482267,0,48180,0.0
InfoNCE,220,24090,15,0.6333563057848802,-0.005747911649229366,0.3138041970678254,616270,5251620,0.11734855149458644,0,48180,0.0
InfoNCE,220,24090,16,0.6362484467646896,-0.0057775635148700115,0.3152354416249098,570953,5251620,0.10871940467893716,0,48180,0.0
InfoNCE,220,24090,17,0.6471974406940356,-0.005837535270373921,0.32067995271183086,497563,5251620,0.09474466926396045,0,48180,0.0
InfoNCE,220,24090,18,0.6470962659866794,-0.005877568739069612,0.32060934862380486,465619,5251620,0.08866197478111516,0,48180,0.0
InfoNCE,220,24090,19,0.6530060119936207,-0.005896338758279663,0.32355483661767054,415080,5251620,0.07903846812983423,0,48180,0.0
InfoNCE,220,24090,20,0.656677984013603,-0.005962686813078978,0.325357648600262,371435,5251620,0.07072769926232286,0,48180,0.0
InfoNCE,220,24090,21,0.6574932216973214,-0.005892563762500383,0.3258003289674105,338187,5251620,0.0643967004467193,0,48180,0.0
InfoNCE,220,24090,22,0.6600162137539469,-0.0059088348794218235,0.32705368943726254,288822,5251620,0.05499674386189404,0,48180,0.0
InfoNCE,220,24090,23,0.6587069041516683,-0.0059522736044714504,0.3263773152735984,259451,5251620,0.049403993434406906,0,48180,0.0
InfoNCE,220,24090,24,0.6598926733290076,-0.0058766008259220105,0.3270080362515428,222314,5251620,0.04233246122148975,0,48180,0.0
InfoNCE,220,24090,25,0.6602465856231164,-0.005962643662251896,0.3271419709804323,181713,5251620,0.034601323020325155,0,48180,0.0
InfoNCE,220,24090,26,0.6595454733232682,-0.005842632821862973,0.32685142025070263,157776,5251620,0.03004330092428622,0,48180,0.0
InfoNCE,220,24090,27,0.66061282694748,-0.005968789581101764,0.3273220186831891,121021,5251620,0.023044508170812054,0,48180,0.0
InfoNCE,220,24090,28,0.6595461778766439,-0.005929955748405946,0.326808111064119,102498,5251620,0.019517406057559382,0,48180,0.0
InfoNCE,220,24090,29,0.6602975959337911,-0.005932337869061282,0.3271826290323649,74767,5251620,0.014236940220351053,0,48180,0.0
InfoNCE,220,24090,30,0.6604425484793174,-0.00587178208014285,0.3272853831995873,52055,5251620,0.00991217947985574,0,48180,0.0
InfoNCE,240,28680,5,0.5227837279054494,-0.0015461480228248904,0.2606187899413122,2644569,6825840,0.3874349530607222,0,57360,0.0
InfoNCE,240,28680,6,0.5570448594341884,-0.004680049042544267,0.27618240519582204,2217193,6825840,0.32482346495083386,0,57360,0.0
InfoNCE,240,28680,7,0.5465315384003159,-0.005077313440857226,0.2707271124797293,2027952,6825840,0.29709925811328713,0,57360,0.0
InfoNCE,240,28680,8,0.5557639049082953,-0.004773372705744421,0.27549526610127545,1773285,6825840,0.2597900038676558,0,57360,0.0
InfoNCE,240,28680,9,0.5704806823979652,-0.005148098010888879,0.28266629219353817,1542342,6825840,0.2259563658099223,0,57360,0.0
InfoNCE,240,28680,10,0.5836974649083498,-0.005204313730711704,0.28924657558881905,1370130,6825840,0.2007269434970641,0,57360,0.0
InfoNCE,240,28680,11,0.5898183279965629,-0.005134886471180551,0.29234172076269116,1239830,6825840,0.18163771784864574,0,57360,0.0
InfoNCE,240,28680,12,0.6054622144463006,-0.005011417695056254,0.3002253983756221,1110679,6825840,0.162716823130926,0,57360,0.0
InfoNCE,240,28680,13,0.6049807992128647,-0.005437690211070866,0.29977155450089693,989268,6825840,0.14492985478710313,0,57360,0.0
InfoNCE,240,28680,14,0.6230359316973673,-0.005182865518556411,0.30892653308940543,903167,6825840,0.13231587614125148,0,57360,0.0
InfoNCE,240,28680,15,0.6289955769103108,-0.0051665769529161505,0.31191449997869736,819328,6825840,0.12003328528063945,0,57360,0.0
InfoNCE,240,28680,16,0.6372004544339045,-0.005293478960573069,0.3159534877366657,729902,6825840,0.10693218710078174,0,57360,0.0
InfoNCE,240,28680,17,0.640525231943719,-0.005323538981583322,0.31760084648106784,676873,6825840,0.09916332641843348,0,57360,0.0
InfoNCE,240,28680,18,0.6479187444460317,-0.005407254985723884,0.3212557447301539,598831,6825840,0.08773000832132016,0,57360,0.0
InfoNCE,240,28680,19,0.6519663438580234,-0.005377112894037746,0.32329461548199284,552128,6825840,0.08088792002156511,0,57360,0.0
InfoNCE,240,28680,20,0.6544376321999431,-0.005428638390713891,0.3245044969046146,499426,6825840,0.07316696553098227,0,57360,0.0
InfoNCE,240,28680,21,0.6554948171566928,-0.005316660591298552,0.3250890782826971,453252,6825840,0.06640237685032171,0,57360,0.0
InfoNCE,240,28680,22,0.6575299439616658,-0.005382417114095844,0.32607376342378497,398885,6825840,0.05843749633744711,0,57360,0.0
InfoNCE,240,28680,23,0.6594933359365458,-0.005461997942704235,0.3270156689969208,354089,6825840,0.05187478757193254,0,57360,0.0
InfoNCE,240,28680,24,0.6614293101639844,-0.005381543721827361,0.32802388322107856,293257,6825840,0.042962770882411544,0,57360,0.0
InfoNCE,240,28680,25,0.6597906761448129,-0.005436368987791435,0.32717715357851074,258453,6825840,0.03786391125487852,0,57360,0.0
InfoNCE,240,28680,26,0.6599822493994835,-0.005338679308821581,0.32732178504533094,216156,6825840,0.03166731127597482,0,57360,0.0
InfoNCE,240,28680,27,0.6594840947865941,-0.005370405750153687,0.3270568445182202,179398,6825840,0.02628218651477327,0,57360,0.0
InfoNCE,240,28680,28,0.6599984527242109,-0.005407024667934452,0.32729571402813823,141784,6825840,0.02077165594271181,0,57360,0.0
InfoNCE,240,28680,29,0.6603697509602273,-0.0054315717868280875,0.3274690895866996,115797,6825840,0.01696450546745895,0,57360,0.0
InfoNCE,240,28680,30,0.6584478263762705,-0.0054537190694896685,0.32649705365339043,91284,6825840,0.013373299110439154,0,57360,0.0
Sigmoid,20,190,5,0.01766856041519388,-0.36947599648741725,-0.17590371803611168,1340,3420,0.391812865497076,0,380,0.0
Sigmoid,20,190,6,0.0364781329457305,-0.3631603810759207,-0.1633411240650951,1177,3420,0.3441520467836257,0,380,0.0
Sigmoid,20,190,7,0.0676151417097763,-0.3527065855216736,-0.14254572190594866,1082,3420,0.316374269005848,0,380,0.0
Sigmoid,20,190,8,0.0964073371142149,-0.34681460542593434,-0.12520363415585972,984,3420,0.28771929824561404,0,380,0.0
Sigmoid,20,190,9,0.1259991263284495,-0.3399469549522588,-0.10697391431190464,0,3420,0.0,0,380,0.0
Sigmoid,20,190,10,0.15157829579946241,-0.33692580517490356,-0.09267375468772057,0,3420,0.0,0,380,0.0
Sigmoid,20,190,11,0.17372045136596026,-0.3275041951639959,-0.07689187189901783,0,3420,0.0,0,380,0.0
Sigmoid,20,190,12,0.17802961888281923,-0.32442598449643595,-0.07319818280680836,0,3420,0.0,0,380,0.0
Sigmoid,20,190,13,0.19942875480965563,-0.32118109377939796,-0.060876169484871165,0,3420,0.0,0,380,0.0
Sigmoid,20,190,14,0.22163258249822415,-0.3141406762059669,-0.04625404685387138,0,3420,0.0,0,380,0.0
Sigmoid,20,190,15,0.24184651178748984,-0.31245989887076514,-0.03530669354163765,0,3420,0.0,0,380,0.0
Sigmoid,20,190,16,0.24712851651405032,-0.3140161324009212,-0.03344380794343543,0,3420,0.0,0,380,0.0
Sigmoid,20,190,17,0.24869683380973967,-0.3151308163651946,-0.03321699127772745,0,3420,0.0,0,380,0.0
Sigmoid,20,190,18,0.25088996095092675,-0.3134371817591246,-0.03127361040409893,0,3420,0.0,0,380,0.0
Sigmoid,20,190,19,0.2639469437693295,-0.3062713964597175,-0.02116222634519402,0,3420,0.0,0,380,0.0
Sigmoid,20,190,20,0.2822115500506602,-0.2985822294103472,-0.0081853396798435,0,3420,0.0,0,380,0.0
Sigmoid,20,190,21,0.28220968348415276,-0.298583781666923,-0.008187049091385123,0,3420,0.0,0,380,0.0
Sigmoid,20,190,22,0.2822103236850939,-0.29858297371899173,-0.008186325016948909,0,3420,0.0,0,380,0.0
Sigmoid,20,190,23,0.28220106473094536,-0.2985894962273843,-0.008194215748219463,0,3420,0.0,0,380,0.0
Sigmoid,20,190,24,0.28220225800024834,-0.2985879375049245,-0.008192839752338088,0,3420,0.0,0,380,0.0
Sigmoid,20,190,25,0.2821989400606406,-0.2985893270599912,-0.00819519349967529,0,3420,0.0,0,380,0.0
Sigmoid,20,190,26,0.28219975287977017,-0.29859008523281555,-0.008195166176522689,0,3420,0.0,0,380,0.0
Sigmoid,20,190,27,0.2821968156256174,-0.29859070984417935,-0.008196947109280983,0,3420,0.0,0,380,0.0
Sigmoid,20,190,28,0.28219307323819715,-0.2985927774369368,-0.008199852099369825,0,3420,0.0,0,380,0.0
Sigmoid,20,190,29,0.2822008588596394,-0.29858764734184534,-0.008193394241102964,0,3420,0.0,0,380,0.0
Sigmoid,20,190,30,0.282193991777144,-0.29859222924848744,-0.008199118735671723,0,3420,0.0,0,380,0.0
Sigmoid,40,780,5,0.002858022435112873,-0.3670016272223373,-0.18207180239361223,12764,29640,0.43063427800269904,0,1560,0.0
Sigmoid,40,780,6,0.012674470659223912,-0.36182450489146445,-0.17457501711612028,10537,29640,0.35549932523616734,0,1560,0.0
Sigmoid,40,780,7,0.027292519754085403,-0.3475035609887798,-0.1601055206173472,9533,29640,0.32162618083670713,0,1560,0.0
Sigmoid,40,780,8,0.04191870882343023,-0.3451096331490161,-0.15159546216279293,8538,29640,0.2880566801619433,0,1560,0.0
Sigmoid,40,780,9,0.05745878216022482,-0.33686884322044075,-0.13970503053010797,7900,29640,0.26653171390013497,0,1560,0.0
Sigmoid,40,780,10,0.07211244319541714,-0.33162081656002224,-0.12975418668230254,7427,29640,0.25057354925775976,0,1560,0.0
Sigmoid,40,780,11,0.09038403281368888,-0.34274188503069997,-0.12617892610850553,5968,29640,0.20134952766531714,0,1560,0.0
Sigmoid,40,780,12,0.1036224025182235,-0.3264501489419867,-0.1114138732118816,4680,29640,0.15789473684210525,0,1560,0.0
Sigmoid,40,780,13,0.12706248567750056,-0.3369075857623205,-0.10492255004240997,2122,29640,0.07159244264507422,0,1560,0.0
Sigmoid,40,780,14,0.12044178179154794,-0.3201471460211454,-0.09985268211479874,0,29640,0.0,0,1560,0.0
Sigmoid,40,780,15,0.13325766392816335,-0.32295384767431357,-0.09484809187307511,0,29640,0.0,0,1560,0.0
Sigmoid,40,780,16,0.15106867775321006,-0.3217937629483892,-0.08536254259758956,0,29640,0.0,0,1560,0.0
Sigmoid,40,780,17,0.16429828272607083,-0.3185685778461527,-0.07713514756004095,0,29640,0.0,0,1560,0.0
Sigmoid,40,780,18,0.17532068352477673,-0.31486172483185765,-0.06977052065354046,0,29640,0.0,0,1560,0.0
Sigmoid,40,780,19,0.18570680978397527,-0.31032079182082584,-0.06230699101842528,0,29640,0.0,0,1560,0.0
Sigmoid,40,780,20,0.19479720210417723,-0.3059118588207423,-0.05555732835828253,0,29640,0.0,0,1560,0.0
Sigmoid,40,780,21,0.20172225505304642,-0.300980488672933,-0.04962911680994328,0,29640,0.0,0,1560,0.0
Sigmoid,40,780,22,0.2066984441704475,-0.29972540115115615,-0.046513478490354324,0,29640,0.0,0,1560,0.0
Sigmoid,40,780,23,0.20886765005878913,-0.30013431309296296,-0.045633331517086914,0,29640,0.0,0,1560,0.0
Sigmoid,40,780,24,0.2137058772910864,-0.30207871115149354,-0.04418641693020357,0,29640,0.0,0,1560,0.0
Sigmoid,40,780,25,0.21958386705089838,-0.2998669716576051,-0.04014155230335337,0,29640,0.0,0,1560,0.0
Sigmoid,40,780,26,0.2230739570963077,-0.298611889010881,-0.03776896595728664,0,29640,0.0,0,1560,0.0
Sigmoid,40,780,27,0.22797825771073502,-0.2930994023059906,-0.03256057229762778,0,29640,0.0,0,1560,0.0
Sigmoid,40,780,28,0.23977334222350366,-0.2891874143237929,-0.024707036050144626,0,29640,0.0,0,1560,0.0
Sigmoid,40,780,29,0.24075357110645526,-0.29009972049750377,-0.024673074695524252,0,29640,0.0,0,1560,0.0
Sigmoid,40,780,30,0.24235236323796785,-0.2910545715295512,-0.024351104145791683,0,29640,0.0,0,1560,0.0
Sigmoid,60,1770,5,-1.360655924687991e-05,-0.3618010669009299,-0.18090733673008838,45300,102660,0.4412624196376388,0,3540,0.0
Sigmoid,60,1770,6,0.006073619279621726,-0.3560116555076478,-0.17496901811401303,37928,102660,0.3694525618546659,0,3540,0.0
Sigmoid,60,1770,7,0.017076752175797977,-0.35670712956636236,-0.1698151886952822,32617,102660,0.3177186830313657,0,3540,0.0
Sigmoid,60,1770,8,0.025217831370783813,-0.3431417199493905,-0.15896194428930335,30472,102660,0.2968244691213715,0,3540,0.0
Sigmoid,60,1770,9,0.03942687752798705,-0.34132466114071897,-0.15094889180636595,26795,102660,0.2610072082602766,0,3540,0.0
Sigmoid,60,1770,10,0.051921379257856455,-0.3356422555133753,-0.14186043812775942,25072,102660,0.2442236508864212,0,3540,0.0
Sigmoid,60,1770,11,0.06247011944441135,-0.3293069220013944,-0.13341840127849153,23426,102660,0.22819014221702708,0,3540,0.0
Sigmoid,60,1770,12,0.07114601716567567,-0.3272492603505001,-0.12805162159241223,21573,102660,0.21014026884862652,0,3540,0.0
Sigmoid,60,1770,13,0.07882209513967825,-0.323856624494603,-0.12251726467746238,19756,102660,0.19244106760179233,0,3540,0.0
Sigmoid,60,1770,14,0.08810046253525941,-0.3216575830820683,-0.11677856027340446,17386,102660,0.16935515293200856,0,3540,0.0
Sigmoid,60,1770,15,0.10989220419340888,-0.3288136018397671,-0.1094606988231791,9062,102660,0.08827196571205922,0,3540,0.0
Sigmoid,60,1770,16,0.10229757788491115,-0.3201639669165146,-0.10893319451580173,8719,102660,0.08493083966491331,0,3540,0.0
Sigmoid,60,1770,17,0.12722399014621805,-0.32882240658668416,-0.10079920822023306,1,102660,9.74089226573154e-06,0,3540,0.0
Sigmoid,60,1770,18,0.13705204683171826,-0.3247791142529321,-0.09386353371060692,0,102660,0.0,0,3540,0.0
Sigmoid,60,1770,19,0.14525593669695705,-0.32293512351889314,-0.08883959341096805,0,102660,0.0,0,3540,0.0
Sigmoid,60,1770,20,0.15454433327172434,-0.3184833797317208,-0.08196952322999823,0,102660,0.0,0,3540,0.0
Sigmoid,60,1770,21,0.14846545557391508,-0.3144184970002808,-0.08297652071318286,0,102660,0.0,0,3540,0.0
Sigmoid,60,1770,22,0.1582569666838242,-0.31474882168392326,-0.07824592750004954,0,102660,0.0,0,3540,0.0
Sigmoid,60,1770,23,0.1675962956317064,-0.31294751405025023,-0.07267560920927192,0,102660,0.0,0,3540,0.0
Sigmoid,60,1770,24,0.17931805335532475,-0.30869467781097154,-0.0646883122278234,0,102660,0.0,0,3540,0.0
Sigmoid,60,1770,25,0.18109630111415506,-0.30845964784795094,-0.06368167336689794,0,102660,0.0,0,3540,0.0
Sigmoid,60,1770,26,0.18972492061008167,-0.3054671294508205,-0.05787110442036941,0,102660,0.0,0,3540,0.0
Sigmoid,60,1770,27,0.1945630713876358,-0.303247072966724,-0.0543420007895441,0,102660,0.0,0,3540,0.0
Sigmoid,60,1770,28,0.19543002509633026,-0.30336993849538185,-0.0539699566995258,0,102660,0.0,0,3540,0.0
Sigmoid,60,1770,29,0.19939233902315637,-0.3023627805908405,-0.05148522078384206,0,102660,0.0,0,3540,0.0
Sigmoid,60,1770,30,0.20264630944041884,-0.3006602013673428,-0.04900694596346197,0,102660,0.0,0,3540,0.0
Sigmoid,80,3160,5,-0.0013859163046429734,-0.3595570988674299,-0.18047150758603644,110078,246480,0.4466001298279779,0,6320,0.0
Sigmoid,80,3160,6,0.0031984633407976617,-0.3518290412854111,-0.17431528897230672,93358,246480,0.37876501135994806,0,6320,0.0
Sigmoid,80,3160,7,0.01129103884085182,-0.3492143877447293,-0.16896167445193874,84251,246480,0.34181678026614737,0,6320,0.0
Sigmoid,80,3160,8,0.018609066999331705,-0.34323554909640525,-0.16231324104853678,74435,246480,0.3019920480363518,0,6320,0.0
Sigmoid,80,3160,9,0.030067153669498813,-0.34133546621166444,-0.15563415627108282,65413,246480,0.26538867250892567,0,6320,0.0
Sigmoid,80,3160,10,0.04030592633894633,-0.3366952630370512,-0.14819466834905246,59887,246480,0.2429690035702694,0,6320,0.0
Sigmoid,80,3160,11,0.05100062362307423,-0.332995610615403,-0.1409974934961644,55209,246480,0.22398977604673806,0,6320,0.0
Sigmoid,80,3160,12,0.05913658056443533,-0.32857829498103525,-0.13472085720829996,51835,246480,0.21030103862382343,0,6320,0.0
Sigmoid,80,3160,13,0.06622350701496382,-0.3258715595773287,-0.12982402628118245,47905,246480,0.19435654008438819,0,6320,0.0
Sigmoid,80,3160,14,0.07225304661389394,-0.3227940032219938,-0.12527047830404994,44232,246480,0.17945472249269717,0,6320,0.0
Sigmoid,80,3160,15,0.07959515492644019,-0.321091464462671,-0.1207481547681154,40262,246480,0.16334793898085037,0,6320,0.0
Sigmoid,80,3160,16,0.08711768938935821,-0.3214422999829518,-0.1171623052967968,35081,246480,0.14232797792924376,0,6320,0.0
Sigmoid,80,3160,17,0.09348694353800598,-0.319186679935503,-0.11284986819874851,30265,246480,0.12278886725089257,0,6320,0.0
Sigmoid,80,3160,18,0.10498521145126677,-0.3208160536051164,-0.10791542107692481,14972,246480,0.06074326517364492,0,6320,0.0
Sigmoid,80,3160,19,0.10671016063918419,-0.31735204355274316,-0.10532094145677948,9430,246480,0.038258682246024016,0,6320,0.0
Sigmoid,80,3160,20,0.1208055447940302,-0.32200113619196796,-0.10059779569896887,0,246480,0.0,0,6320,0.0
Sigmoid,80,3160,21,0.11856323307780903,-0.3131379572719067,-0.09728736209704883,0,246480,0.0,0,6320,0.0
Sigmoid,80,3160,22,0.139930225815624,-0.3203847873425465,-0.09022728076346125,0,246480,0.0,0,6320,0.0
Sigmoid,80,3160,23,0.14145929350670947,-0.3180137007305606,-0.08827720361192558,0,246480,0.0,0,6320,0.0
Sigmoid,80,3160,24,0.14675207915303262,-0.31618006998459675,-0.08471399541578206,0,246480,0.0,0,6320,0.0
Sigmoid,80,3160,25,0.1560139363112895,-0.31394150910070195,-0.07896378639470623,0,246480,0.0,0,6320,0.0
Sigmoid,80,3160,26,0.16016619076032804,-0.31206222915479653,-0.07594801919723425,0,246480,0.0,0,6320,0.0
Sigmoid,80,3160,27,0.16101320238807534,-0.30845887401509703,-0.07372283581351084,0,246480,0.0,0,6320,0.0
Sigmoid,80,3160,28,0.1680664802135169,-0.3077765038106391,-0.0698550117985611,0,246480,0.0,0,6320,0.0
Sigmoid,80,3160,29,0.1722966218485108,-0.30632328425740524,-0.06701333120444722,0,246480,0.0,0,6320,0.0
Sigmoid,80,3160,30,0.18287013572746816,-0.30565843219194455,-0.061394148232238197,0,246480,0.0,0,6320,0.0
Sigmoid,100,4950,5,-0.002242687503958548,-0.35827246758703934,-0.18025757754549895,217378,485100,0.4481096681096681,0,9900,0.0
Sigmoid,100,4950,6,0.0016532617134760188,-0.3488571426391343,-0.17360194046282915,187204,485100,0.3859080601937745,0,9900,0.0
Sigmoid,100,4950,7,0.008470773982501123,-0.35056395819371594,-0.1710465921056074,168290,485100,0.3469181612038755,0,9900,0.0
Sigmoid,100,4950,8,0.01500183791526584,-0.3431899230083838,-0.164094042546559,148433,485100,0.30598433312719026,0,9900,0.0
Sigmoid,100,4950,9,0.02408410094367961,-0.3436872172074527,-0.15980155813188654,128472,485100,0.26483611626468767,0,9900,0.0
Sigmoid,100,4950,10,0.03411523249846968,-0.3391700825545652,-0.15252742502804778,116781,485100,0.24073593073593075,0,9900,0.0
Sigmoid,100,4950,11,0.04316560533800812,-0.33494241045910417,-0.14588840256054803,107208,485100,0.22100185528756958,0,9900,0.0
Sigmoid,100,4950,12,0.05117095296355811,-0.3306354555576407,-0.13973225129704128,100328,485100,0.20681921253349825,0,9900,0.0
Sigmoid,100,4950,13,0.05866268901173213,-0.32784664647962025,-0.13459197873394407,93596,485100,0.19294166151309008,0,9900,0.0
Sigmoid,100,4950,14,0.06428806362805342,-0.32514139983372986,-0.1304266681028382,86797,485100,0.17892599464028036,0,9900,0.0
Sigmoid,100,4950,15,0.07026029183294134,-0.3233178529444674,-0.12652878055576303,80323,485100,0.16558029272314986,0,9900,0.0
Sigmoid,100,4950,16,0.07602335789626596,-0.3209023675949251,-0.12243950484932956,74119,485100,0.15279117707689135,0,9900,0.0
Sigmoid,100,4950,17,0.08271002826440815,-0.3192573062046499,-0.11827363897012089,67174,485100,0.1384745413316842,0,9900,0.0
Sigmoid,100,4950,18,0.08826226822956644,-0.318315311973994,-0.11502652187221377,59371,485100,0.12238919810348382,0,9900,0.0
Sigmoid,100,4950,19,0.09438783011728465,-0.3163506436104984,-0.11098140674660689,47715,485100,0.09836116264687693,0,9900,0.0
Sigmoid,100,4950,20,0.09971235002231116,-0.3151916014034646,-0.10773962569057671,31674,485100,0.06529375386518244,0,9900,0.0
Sigmoid,100,4950,21,0.10542240566150708,-0.3155720267161939,-0.10507481052734341,15618,485100,0.03219542362399505,0,9900,0.0
Sigmoid,100,4950,22,0.11037627576803319,-0.3130948321532494,-0.10135927819260811,5151,485100,0.010618429189857762,0,9900,0.0
Sigmoid,100,4950,23,0.11544088289216914,-0.31196753099692826,-0.09826332405237956,143,485100,0.00029478458049886624,0,9900,0.0
Sigmoid,100,4950,24,0.13126550031355536,-0.31952374245560594,-0.09412912107102529,0,485100,0.0,0,9900,0.0
Sigmoid,100,4950,25,0.12753648908601867,-0.31259718935691716,-0.09253035013544925,0,485100,0.0,0,9900,0.0
Sigmoid,100,4950,26,0.14778136072736797,-0.3170506766736753,-0.08463465797315367,0,485100,0.0,0,9900,0.0
Sigmoid,100,4950,27,0.15269526936339609,-0.31449616445309475,-0.08090044754484933,0,485100,0.0,0,9900,0.0
Sigmoid,100,4950,28,0.1570212874237937,-0.3128615881212346,-0.07792015034872045,0,485100,0.0,0,9900,0.0
Sigmoid,100,4950,29,0.16277145163880455,-0.31113174272729943,-0.07418014554424744,0,485100,0.0,0,9900,0.0
Sigmoid,100,4950,30,0.1644260360345696,-0.30919977634635276,-0.07238687015589158,0,485100,0.0,0,9900,0.0
Sigmoid,120,7140,5,-0.0029608189978131525,-0.3576712161367318,-0.18031601756727247,377924,842520,0.44856383231258606,0,14280,0.0
Sigmoid,120,7140,6,0.000565516386527973,-0.3471265039736456,-0.1732804937935588,327972,842520,0.389275032046717,0,14280,0.0
Sigmoid,120,7140,7,0.006664068030280336,-0.3510093843064573,-0.17217265813808846,294118,842520,0.34909319660067417,0,14280,0.0
Sigmoid,120,7140,8,0.012334345433828442,-0.3458495867800801,-0.16675762067312583,257668,842520,0.30583012866163417,0,14280,0.0
Sigmoid,120,7140,9,0.020027619353932505,-0.34345682782687087,-0.1617146042364692,227852,842520,0.2704410577790438,0,14280,0.0
Sigmoid,120,7140,10,0.028766789227392765,-0.34041728432775437,-0.1558252475501808,204413,842520,0.24262094668375825,0,14280,0.0
Sigmoid,120,7140,11,0.037684302069298944,-0.33636523005172553,-0.14934046399121328,185817,842520,0.2205490670844609,0,14280,0.0
Sigmoid,120,7140,12,0.04577621002003279,-0.3323831711386837,-0.14330348055932546,172497,842520,0.20473935336846602,0,14280,0.0
Sigmoid,120,7140,13,0.052576213392901236,-0.3292642350304087,-0.13834401081875372,161483,842520,0.19166666666666668,0,14280,0.0
Sigmoid,120,7140,14,0.058116281490397305,-0.32629782286657577,-0.13409077068808922,150390,842520,0.17850021364477994,0,14280,0.0
Sigmoid,120,7140,15,0.06349941458375681,-0.3247507416933613,-0.13062566355480226,140174,842520,0.1663746854674073,0,14280,0.0
Sigmoid,120,7140,16,0.06930372280770448,-0.32312868667139205,-0.1269124819318438,128850,842520,0.15293405497792337,0,14280,0.0
Sigmoid,120,7140,17,0.07499497005695097,-0.3218820455234581,-0.12344353773325357,118222,842520,0.1403195176375635,0,14280,0.0
Sigmoid,120,7140,18,0.0805248491635614,-0.3195068278423335,-0.11949098933938604,109111,842520,0.1295055310259697,0,14280,0.0
Sigmoid,120,7140,19,0.08587129883551631,-0.31861144481104325,-0.11637007298776347,97905,842520,0.11620495655889475,0,14280,0.0
Sigmoid,120,7140,20,0.09128589574560649,-0.3182540675679414,-0.11348408591116746,84898,842520,0.10076674737691686,0,14280,0.0
Sigmoid,120,7140,21,0.09652979879037422,-0.316964768856714,-0.11021748503316989,66752,842520,0.07922897972748422,0,14280,0.0
Sigmoid,120,7140,22,0.10140639197039587,-0.31524076289261865,-0.1069171854611114,39867,842520,0.04731875801167925,0,14280,0.0
Sigmoid,120,7140,23,0.10679043623089206,-0.31531640364794794,-0.10426298370852793,18792,842520,0.022304515026349524,0,14280,0.0
Sigmoid,120,7140,24,0.11681796329862931,-0.31911654377587245,-0.10114929023862157,267,842520,0.0003169064235863837,0,14280,0.0
Sigmoid,120,7140,25,0.12418273966811619,-0.31980010961100924,-0.09780868497144653,0,842520,0.0,0,14280,0.0
Sigmoid,120,7140,26,0.12009700276270634,-0.3107803248921799,-0.09534166106473677,0,842520,0.0,0,14280,0.0
Sigmoid,120,7140,27,0.1266296843103334,-0.3125177850690331,-0.09294405037934986,0,842520,0.0,0,14280,0.0
Sigmoid,120,7140,28,0.14508534065846887,-0.31722277520104275,-0.08606871727128694,0,842520,0.0,0,14280,0.0
Sigmoid,120,7140,29,0.1510151009411872,-0.3152352533942698,-0.08211007622654129,0,842520,0.0,0,14280,0.0
Sigmoid,120,7140,30,0.1539792175678646,-0.31311983538553034,-0.07957030890883288,0,842520,0.0,0,14280,0.0
Sigmoid,140,9730,5,-0.0035432396808620296,-0.3574155479157282,-0.1804793937982951,602326,1342740,0.448579769724593,0,19460,0.0
Sigmoid,140,9730,6,-0.00021868587572962107,-0.3459308825733776,-0.1730747842245536,525602,1342740,0.39143989156500886,0,19460,0.0
Sigmoid,140,9730,7,0.005422958182863126,-0.35192820957067766,-0.17325262569390726,469466,1342740,0.34963284031160163,0,19460,0.0
Sigmoid,140,9730,8,0.010309263749632569,-0.34634256574543637,-0.1680166509979019,414094,1342740,0.30839477486333916,0,19460,0.0
Sigmoid,140,9730,9,0.017711598699063424,-0.34526002888698887,-0.16377421509396273,360532,1342740,0.26850469934611315,0,19460,0.0
Sigmoid,140,9730,10,0.025738219017993738,-0.3411805669637592,-0.15772117397288274,326173,1342740,0.24291597777678478,0,19460,0.0
Sigmoid,140,9730,11,0.03347365415376541,-0.3376279608466625,-0.15207715334644856,296895,1342740,0.22111130970999598,0,19460,0.0
Sigmoid,140,9730,12,0.04123923036021938,-0.3337508537632727,-0.14625581170152666,274120,1342740,0.20414972369930143,0,19460,0.0
Sigmoid,140,9730,13,0.04782323389632851,-0.33075148480624406,-0.14146412545495776,255027,1342740,0.1899302917914116,0,19460,0.0
Sigmoid,140,9730,14,0.053553143031856876,-0.3279935022155506,-0.13722017959184687,238512,1342740,0.177630814602976,0,19460,0.0
Sigmoid,140,9730,15,0.058832150612520354,-0.3255881889856232,-0.13337801918655143,222565,1342740,0.1657543530393077,0,19460,0.0
Sigmoid,140,9730,16,0.06419525238755183,-0.3239333018820184,-0.12986902474723327,207276,1342740,0.15436793422404932,0,19460,0.0
Sigmoid,140,9730,17,0.06967446441223264,-0.3222175398809206,-0.126271537734344,191254,1342740,0.1424356167240121,0,19460,0.0
Sigmoid,140,9730,18,0.07515150042095692,-0.3209044032345617,-0.1228764514068024,175817,1342740,0.1309389755276524,0,19460,0.0
Sigmoid,140,9730,19,0.08010849865614786,-0.31966068021505484,-0.11977609077945349,161261,1342740,0.12009845539717294,0,19460,0.0
Sigmoid,140,9730,20,0.08499084502986928,-0.3185542224554772,-0.11678168871280396,144649,1342740,0.10772673786436689,0,19460,0.0
Sigmoid,140,9730,21,0.08973408504585445,-0.31839403135383987,-0.11432997315399271,128267,1342740,0.09552631186975885,0,19460,0.0
Sigmoid,140,9730,22,0.09437543464267487,-0.3158423703118029,-0.11073346783456402,104475,1342740,0.07780731936190179,0,19460,0.0
Sigmoid,140,9730,23,0.09949497664031426,-0.3164265669645919,-0.10846579516213883,72045,1342740,0.05365521247598195,0,19460,0.0
Sigmoid,140,9730,24,0.10349415300752803,-0.314173017937417,-0.10533943246494448,40802,1342740,0.030387118876327508,0,19460,0.0
Sigmoid,140,9730,25,0.10821201511661599,-0.31336900635299514,-0.10257849561818957,19517,1342740,0.014535204134828783,0,19460,0.0
Sigmoid,140,9730,26,0.11311102407885848,-0.3139042959171146,-0.10039663591912806,3813,1342740,0.002839715804995755,0,19460,0.0
Sigmoid,140,9730,27,0.11977344360068548,-0.31556659123306546,-0.09789657381618999,3,1342740,2.2342374547566916e-06,0,19460,0.0
Sigmoid,140,9730,28,0.12095840763595464,-0.3111819362645641,-0.09511176431430472,0,1342740,0.0,0,19460,0.0
Sigmoid,140,9730,29,0.13912580901563534,-0.31860871780403766,-0.08974145439420116,0,1342740,0.0,0,19460,0.0
Sigmoid,140,9730,30,0.14622540653770347,-0.3166879265398317,-0.08523126000106411,0,1342740,0.0,0,19460,0.0
Sigmoid,160,12720,5,-0.004051225442636365,-0.3571298107950823,-0.18059051811885934,904798,2009760,0.45020201417084627,0,25440,0.0
Sigmoid,160,12720,6,-0.0008389031332701047,-0.34513652140359385,-0.172987712268432,790158,2009760,0.3931603773584906,0,25440,0.0
Sigmoid,160,12720,7,0.004407807470764787,-0.35248084531572543,-0.17403651892248032,705737,2009760,0.3511548642623995,0,25440,0.0
Sigmoid,160,12720,8,0.008868444397981196,-0.34665317272886326,-0.16889236416544104,622558,2009760,0.3097673354032322,0,25440,0.0
Sigmoid,160,12720,9,0.015521650347697955,-0.34591707125474763,-0.16519771045352483,543912,2009760,0.27063529973728206,0,25440,0.0
Sigmoid,160,12720,10,0.023111400430811183,-0.3406730899627413,-0.15878084476596507,494736,2009760,0.24616670647241462,0,25440,0.0
Sigmoid,160,12720,11,0.030356943711005856,-0.3386968450059204,-0.15416995064745728,445524,2009760,0.22168020062096966,0,25440,0.0
Sigmoid,160,12720,12,0.03776376785947678,-0.33481058337432906,-0.14852340775742615,410199,2009760,0.20410347504179605,0,25440,0.0
Sigmoid,160,12720,13,0.04449855204219139,-0.33169738792424464,-0.14359941794102662,379756,2009760,0.1889558952312714,0,25440,0.0
Sigmoid,160,12720,14,0.05034037180531934,-0.3292708790376298,-0.13946525361615522,354201,2009760,0.176240446620492,0,25440,0.0
Sigmoid,160,12720,15,0.05533385154682815,-0.32677256765745133,-0.1357193580553116,332415,2009760,0.16540034631000716,0,25440,0.0
Sigmoid,160,12720,16,0.05995609232432461,-0.3250942367435391,-0.13256907220960723,309809,2009760,0.1541522370830348,0,25440,0.0
Sigmoid,160,12720,17,0.06551228419939091,-0.3229695974168949,-0.128728656608752,288975,2009760,0.143785825173155,0,25440,0.0
Sigmoid,160,12720,18,0.07054407019622085,-0.3218694978778088,-0.12566271384079397,265874,2009760,0.13229141788074197,0,25440,0.0
Sigmoid,160,12720,19,0.07541621044840453,-0.3209929146466894,-0.12278835209914243,244193,2009760,0.12150356261444152,0,25440,0.0
Sigmoid,160,12720,20,0.07995440955010225,-0.3194007529661256,-0.11972317170801167,225289,2009760,0.11209746437385558,0,25440,0.0
Sigmoid,160,12720,21,0.08520898562768157,-0.31859114644792436,-0.11669108041012138,202725,2009760,0.10087025316455696,0,25440,0.0
Sigmoid,160,12720,22,0.0893602493271794,-0.3172945514411004,-0.11396715105696051,180446,2009760,0.08978484993233023,0,25440,0.0
Sigmoid,160,12720,23,0.09369712050787449,-0.31731806881487046,-0.11181047415349799,152702,2009760,0.07598021654326885,0,25440,0.0
Sigmoid,160,12720,24,0.09829264370132965,-0.3153496579005023,-0.10852850709958632,103910,2009760,0.05170269086856142,0,25440,0.0
Sigmoid,160,12720,25,0.10261895185652768,-0.31601489541052913,-0.10669797177700072,64816,2009760,0.03225061698909323,0,25440,0.0
Sigmoid,160,12720,26,0.10705999580838677,-0.31493486531483494,-0.10393743475322409,33357,2009760,0.016597504179603536,0,25440,0.0
Sigmoid,160,12720,27,0.11071476440982154,-0.31299476729885806,-0.10114000144451826,12352,2009760,0.006146007483480614,0,25440,0.0
Sigmoid,160,12720,28,0.11391213221633631,-0.3112358535835274,-0.09866186068359555,2622,2009760,0.0013046333890613805,0,25440,0.0
Sigmoid,160,12720,29,0.1287787713456032,-0.319514519486945,-0.09536787407067089,0,2009760,0.0,0,25440,0.0
Sigmoid,160,12720,30,0.12202812465429072,-0.3101779309716946,-0.09407490315870194,0,2009760,0.0,0,25440,0.0
Sigmoid,180,16110,5,-0.0045274047558637835,-0.3569174113721012,-0.1807224080639825,1293067,2867580,0.4509262165310122,0,32220,0.0
Sigmoid,180,16110,6,-0.0013545386442071312,-0.3445616424633098,-0.17295809055375846,1131254,2867580,0.3944977995382866,0,32220,0.0
Sigmoid,180,16110,7,0.0036178454826360515,-0.3524117600581305,-0.17439695728774723,1011652,2867580,0.3527894601022465,0,32220,0.0
Sigmoid,180,16110,8,0.007590602718254417,-0.3465376695197711,-0.16947353340075835,891168,2867580,0.3107735442428808,0,32220,0.0
Sigmoid,180,16110,9,0.013622896337494646,-0.3466376638360293,-0.16650738374926732,780561,2867580,0.27220199610821666,0,32220,0.0
Sigmoid,180,16110,10,0.02111144109263734,-0.34200735454852266,-0.16044795672794265,707320,2867580,0.24666094755856854,0,32220,0.0
Sigmoid,180,16110,11,0.027786474961071773,-0.3393027485263037,-0.15575813678261596,639618,2867580,0.22305149289644927,0,32220,0.0
Sigmoid,180,16110,12,0.03464136856933564,-0.33600375208955907,-0.15068119176011172,584709,2867580,0.20390329127696524,0,32220,0.0
Sigmoid,180,16110,13,0.04143797083267009,-0.3328401822218476,-0.14570110569458875,540918,2867580,0.18863222647668068,0,32220,0.0
Sigmoid,180,16110,14,0.04665091143670121,-0.33006488797605976,-0.14170698826967928,505769,2867580,0.17637485266322125,0,32220,0.0
Sigmoid,180,16110,15,0.05180334444097078,-0.3276020075660001,-0.13789933156251466,472836,2867580,0.16489025589521478,0,32220,0.0
Sigmoid,180,16110,16,0.0569746782023906,-0.3258347220075193,-0.13443002190256434,441724,2867580,0.1540406893617615,0,32220,0.0
Sigmoid,180,16110,17,0.06206803644430944,-0.3243074060350399,-0.13111968479536523,411540,2867580,0.1435147406523968,0,32220,0.0
Sigmoid,180,16110,18,0.066848819672918,-0.3225095988376288,-0.1278303895823554,382903,2867580,0.1335282712252143,0,32220,0.0
Sigmoid,180,16110,19,0.07150981863133937,-0.3214886191341859,-0.12498940025142327,352863,2867580,0.1230525390747599,0,32220,0.0
Sigmoid,180,16110,20,0.07630002225854987,-0.31997544919537674,-0.12183771346841343,326971,2867580,0.11402332280180501,0,32220,0.0
Sigmoid,180,16110,21,0.08080826165625152,-0.31928559916025107,-0.11923866875199977,297801,2867580,0.10385098236143368,0,32220,0.0
Sigmoid,180,16110,22,0.08495400336603989,-0.3188232553936319,-0.11693462601379599,268907,2867580,0.09377489032564043,0,32220,0.0
Sigmoid,180,16110,23,0.08924193124915228,-0.31815704691596947,-0.1144575578334086,239775,2867580,0.08361580147720378,0,32220,0.0
Sigmoid,180,16110,24,0.09364698115391697,-0.31658144032397634,-0.11146722958502969,198986,2867580,0.06939161243975757,0,32220,0.0
Sigmoid,180,16110,25,0.09754556371702643,-0.31574318556477726,-0.10909881092387541,146594,2867580,0.051121154422893174,0,32220,0.0
Sigmoid,180,16110,26,0.10161024588770115,-0.3160842947810131,-0.10723702444665596,95461,2867580,0.033289742570390364,0,32220,0.0
Sigmoid,180,16110,27,0.1055940510532839,-0.3145917268097619,-0.10449883787823899,53948,2867580,0.018813075833978475,0,32220,0.0
Sigmoid,180,16110,28,0.10955797165821865,-0.31375132331066646,-0.1020966758262239,22847,2867580,0.007967345287664162,0,32220,0.0
Sigmoid,180,16110,29,0.11358836679554629,-0.31296539789371,-0.09968851554908184,4987,2867580,0.0017390970783727046,0,32220,0.0
Sigmoid,180,16110,30,0.11753639166378071,-0.312025775572086,-0.09724469195415264,121,2867580,4.219585852879431e-05,0,32220,0.0
Sigmoid,200,19900,5,-0.004912632018258294,-0.3568883088410914,-0.18090047042967486,1776006,3940200,0.45074006395614435,0,39800,0.0
Sigmoid,200,19900,6,-0.0017961792131618059,-0.34418973741811965,-0.17299295831564074,1558215,3940200,0.3954659661946094,0,39800,0.0
Sigmoid,200,19900,7,0.002979148827189555,-0.35254052980768,-0.17478069049024522,1395233,3940200,0.3541020760367494,0,39800,0.0
Sigmoid,200,19900,8,0.006691248681861461,-0.3461617639194239,-0.16973525761878122,1228586,3940200,0.3118080300492361,0,39800,0.0
Sigmoid,200,19900,9,0.012395475109769722,-0.34738611675781716,-0.1674953208240237,1072575,3940200,0.2722133394243947,0,39800,0.0
Sigmoid,200,19900,10,0.01926276546409213,-0.34271063240102634,-0.1617239334684671,975494,3940200,0.247574742398863,0,39800,0.0
Sigmoid,200,19900,11,0.02572114426923457,-0.33997565522159523,-0.15712725547618034,881661,3940200,0.2237604690117253,0,39800,0.0
Sigmoid,200,19900,12,0.0324971335228233,-0.3368686212197747,-0.1521857438484757,805320,3940200,0.20438556418455917,0,39800,0.0
Sigmoid,200,19900,13,0.03942681825523213,-0.3338217043346837,-0.1471974430397258,740654,3940200,0.18797370691843054,0,39800,0.0
Sigmoid,200,19900,14,0.044431907823122105,-0.33167385456548026,-0.14362097337117907,688216,3940200,0.17466524541901426,0,39800,0.0
Sigmoid,200,19900,15,0.049498709125640854,-0.3288048572028021,-0.13965307403858063,647676,3940200,0.164376427592508,0,39800,0.0
Sigmoid,200,19900,16,0.054347507031962054,-0.3267576861307615,-0.13620508954939972,604105,3940200,0.15331835947413835,0,39800,0.0
Sigmoid,200,19900,17,0.059114633296433856,-0.3253278968961951,-0.13310663179988064,563599,3940200,0.14303817065123597,0,39800,0.0
Sigmoid,200,19900,18,0.06349874708951268,-0.3234404206898646,-0.12997083680017596,525551,3940200,0.13338180803004923,0,39800,0.0
Sigmoid,200,19900,19,0.06821543213944115,-0.32218337202676123,-0.12698396994366004,488096,3940200,0.12387594538348307,0,39800,0.0
Sigmoid,200,19900,20,0.07299323122770568,-0.3211849911042527,-0.1240958799382735,448974,3940200,0.11394700776610324,0,39800,0.0
Sigmoid,200,19900,21,0.07732740581026254,-0.32034707835777737,-0.12150983627375742,414006,3940200,0.10507233135373839,0,39800,0.0
Sigmoid,200,19900,22,0.08147553253488325,-0.318751859768072,-0.11863816361659438,381386,3940200,0.0967935637784884,0,39800,0.0
Sigmoid,200,19900,23,0.0858913483715911,-0.3181724399088275,-0.1161405457686182,343360,3940200,0.08714278463022182,0,39800,0.0
Sigmoid,200,19900,24,0.08974470890571723,-0.3175741960436146,-0.11391474356894868,304438,3940200,0.07726460585757068,0,39800,0.0
Sigmoid,200,19900,25,0.09392868559508018,-0.316406180241913,-0.11123874732341643,246601,3940200,0.06258590934470332,0,39800,0.0
Sigmoid,200,19900,26,0.09756542181156239,-0.3158354693890665,-0.10913502378875205,185365,3940200,0.04704456626567179,0,39800,0.0
Sigmoid,200,19900,27,0.10165898749670342,-0.3165401719801718,-0.10744059224173419,120769,3940200,0.030650474595198214,0,39800,0.0
Sigmoid,200,19900,28,0.10543614520480735,-0.314226019203827,-0.10439493699950982,70418,3940200,0.017871681640525862,0,39800,0.0
Sigmoid,200,19900,29,0.10933792164577312,-0.31520586824555985,-0.10293397329989337,32918,3940200,0.008354398253895742,0,39800,0.0
Sigmoid,200,19900,30,0.11280458972943788,-0.31312817197747805,-0.10016179112402009,9056,3940200,0.0022983604893152634,0,39800,0.0
Sigmoid,220,24090,5,-0.0052135983251407605,-0.3567823806631832,-0.18099798949416196,2368334,5251620,0.45097208099595937,0,48180,0.0
Sigmoid,220,24090,6,-0.0021764799554872386,-0.34388369406617947,-0.17303008701083336,2081748,5251620,0.3964011105144698,0,48180,0.0
Sigmoid,220,24090,7,0.0024757260220692016,-0.3527014673237631,-0.17511287065084696,1858764,5251620,0.3539410696128052,0,48180,0.0
Sigmoid,220,24090,8,0.0059166091398216505,-0.346705706033369,-0.17039454844677365,1639364,5251620,0.31216348479135964,0,48180,0.0
Sigmoid,220,24090,9,0.011257071048282122,-0.3475902381252794,-0.16816658353849864,1434487,5251620,0.2731513323507794,0,48180,0.0
Sigmoid,220,24090,10,0.017990456341180894,-0.3427368802832638,-0.16237321197104146,1306719,5251620,0.24882207775886298,0,48180,0.0
Sigmoid,220,24090,11,0.02395422838028287,-0.34050871318099335,-0.15827724240035523,1182381,5251620,0.22514595496246873,0,48180,0.0
Sigmoid,220,24090,12,0.03060127659416659,-0.3375502154731798,-0.1534744694395066,1075829,5251620,0.20485659663113479,0,48180,0.0
Sigmoid,220,24090,13,0.03676405917070636,-0.3345234074721496,-0.14887967415072162,988509,5251620,0.18822934637311914,0,48180,0.0
Sigmoid,220,24090,14,0.041913840340449635,-0.33197770421345174,-0.14503193193650105,919128,5251620,0.17501799444742766,0,48180,0.0
Sigmoid,220,24090,15,0.04704852945373489,-0.3295359458422053,-0.1412437081942352,860056,5251620,0.16376965583953143,0,48180,0.0
Sigmoid,220,24090,16,0.05164836307824425,-0.3274949694907678,-0.13792330320626178,803243,5251620,0.15295147021300093,0,48180,0.0
Sigmoid,220,24090,17,0.0562265701147377,-0.32576849738663566,-0.13477096363594898,750795,5251620,0.14296445668193813,0,48180,0.0
Sigmoid,220,24090,18,0.060805237484997665,-0.32401314376219736,-0.13160395313859985,702283,5251620,0.1337269261675445,0,48180,0.0
Sigmoid,220,24090,19,0.06552675659507327,-0.32307437105045644,-0.12877380722769158,648955,5251620,0.12357234529535648,0,48180,0.0
Sigmoid,220,24090,20,0.07012996602078204,-0.32206606871356996,-0.12596805134639397,601372,5251620,0.1145117125763098,0,48180,0.0
Sigmoid,220,24090,21,0.0744686160877582,-0.3210315969751821,-0.12328149044371194,555687,5251620,0.10581249214528088,0,48180,0.0
Sigmoid,220,24090,22,0.0787277465140321,-0.31999270326750573,-0.12063247837673682,511778,5251620,0.09745145307543196,0,48180,0.0
Sigmoid,220,24090,23,0.08269451567381249,-0.3193007903892999,-0.11830313735774373,467949,5251620,0.08910564740023079,0,48180,0.0
Sigmoid,220,24090,24,0.08658405281788904,-0.31790929559750986,-0.1156626213898104,423758,5251620,0.08069091061424856,0,48180,0.0
Sigmoid,220,24090,25,0.09069096439418678,-0.3172767982977136,-0.11329291695176341,365293,5251620,0.0695581553882421,0,48180,0.0
Sigmoid,220,24090,26,0.09409077128773534,-0.3181737858354843,-0.11204150727387446,317256,5251620,0.06041107315456945,0,48180,0.0
Sigmoid,220,24090,27,0.09794695216879379,-0.3168974419330164,-0.1094752448821113,230766,5251620,0.0439418693660242,0,48180,0.0
Sigmoid,220,24090,28,0.10146075740901946,-0.3151162262650937,-0.10682773442803714,147101,5251620,0.02801059482597751,0,48180,0.0
Sigmoid,220,24090,29,0.10547876360537403,-0.31540529748943497,-0.10496326694203047,86147,5251620,0.016403890608993034,0,48180,0.0
Sigmoid,220,24090,30,0.10871962009344965,-0.313392688860525,-0.10233653438353768,45803,5251620,0.008721689688134329,0,48180,0.0
Sigmoid,240,28680,5,-0.005604723441872241,-0.3567861228741279,-0.18119542315800008,3080795,6825840,0.45134298489270186,0,57360,0.0
Sigmoid,240,28680,6,-0.0025264746846185336,-0.34368548794504183,-0.17310598131483018,2710500,6825840,0.3970939840371295,0,57360,0.0
Sigmoid,240,28680,7,0.0019678053883583255,-0.35262187395885025,-0.17532703428524596,2420626,6825840,0.35462682981142246,0,57360,0.0
Sigmoid,240,28680,8,0.005319253299761806,-0.34621444290263187,-0.17044759480143504,2136815,6825840,0.31304791791193465,0,57360,0.0
Sigmoid,240,28680,9,0.010029631216168332,-0.3485500212980761,-0.16926019504095388,1868281,6825840,0.2737071188307959,0,57360,0.0
Sigmoid,240,28680,10,0.016633172581836744,-0.343148367014225,-0.16325759721619415,1700517,6825840,0.24912933792763967,0,57360,0.0
Sigmoid,240,28680,11,0.022596747909037387,-0.3404778308293372,-0.1589405414601499,1544108,6825840,0.2262150885458786,0,57360,0.0
Sigmoid,240,28680,12,0.028821463302583818,-0.3379163776337692,-0.15454745716559268,1400761,6825840,0.20521444979665507,0,57360,0.0
Sigmoid,240,28680,13,0.03478647671611343,-0.3350165341999617,-0.15011502874192412,1288525,6825840,0.18877163836245794,0,57360,0.0
Sigmoid,240,28680,14,0.04036632737685826,-0.33241650932733824,-0.14602509097524,1192484,6825840,0.17470142868863026,0,57360,0.0
Sigmoid,240,28680,15,0.04507806799741464,-0.33033555002704956,-0.14262874101481746,1112598,6825840,0.16299796069055236,0,57360,0.0
Sigmoid,240,28680,16,0.04984045248820266,-0.3283463960995419,-0.13925297180566962,1042483,6825840,0.15272596486293263,0,57360,0.0
Sigmoid,240,28680,17,0.05407411478689743,-0.3267591105487749,-0.13634249788093872,972335,6825840,0.14244913446550167,0,57360,0.0
Sigmoid,240,28680,18,0.058720871342691584,-0.3249422572318349,-0.13311069294457165,909012,6825840,0.13317218100629374,0,57360,0.0
Sigmoid,240,28680,19,0.06327388294254178,-0.32367691251981856,-0.1302015147886384,845841,6825840,0.12391749586864034,0,57360,0.0
Sigmoid,240,28680,20,0.06756578229921072,-0.32234363801319116,-0.12738892785699021,786392,6825840,0.11520809160484277,0,57360,0.0
Sigmoid,240,28680,21,0.07165147881647066,-0.3212946876945598,-0.12482160443904458,728866,6825840,0.10678041090913352,0,57360,0.0
Sigmoid,240,28680,22,0.0760541274086306,-0.320470922603902,-0.12220839759763569,670160,6825840,0.09817985771714544,0,57360,0.0
Sigmoid,240,28680,23,0.07991012984840004,-0.31991178191753566,-0.12000082603456781,615714,6825840,0.09020340353714708,0,57360,0.0
Sigmoid,240,28680,24,0.08369683088089185,-0.318711825408431,-0.11750749726376958,566544,6825840,0.08299989451847685,0,57360,0.0
Sigmoid,240,28680,25,0.0876606296592053,-0.3189998216113286,-0.11566959597606166,503987,6825840,0.07383516167973465,0,57360,0.0
Sigmoid,240,28680,26,0.0916233324308099,-0.31729957558113897,-0.11283812157516454,429941,6825840,0.06298726603612156,0,57360,0.0
Sigmoid,240,28680,27,0.0954533394248156,-0.31690146080897896,-0.11072406069208168,338436,6825840,0.049581589958159,0,57360,0.0
Sigmoid,240,28680,28,0.09864419769791878,-0.3157630511640963,-0.10855942673308877,249675,6825840,0.03657791568510249,0,57360,0.0
Sigmoid,240,28680,29,0.10218665982223787,-0.314973826822097,-0.10639358349992957,168269,6825840,0.024651764471478967,0,57360,0.0
Sigmoid,240,28680,30,0.1056765623368593,-0.31532861759731956,-0.10482602763023013,98127,6825840,0.014375813086740973,0,57360,0.0
